date,region,rank,streams,track_id
2019-02-11,Canada,1,374617.0,4kV4N9D1iKVxx1KLvtTpjS
2019-02-11,Canada,2,359965.0,6ocbgoVGwYJhOv1GgI9NsF
2019-02-11,Canada,3,205702.0,6MWtB6iiXyIwun0YzU6DFP
2019-02-11,Canada,5,188998.0,2JvzF1RMd7lE3KmFlsyZD8
2019-02-11,Canada,6,185710.0,3e9HZxeyfWwjeyPAMmWSSQ
2019-02-11,Canada,10,180327.0,4NzMOnvSJVNKF7nw5NkXIP
2019-02-11,Canada,11,178175.0,3KkXRkHbMCARz0aVfEt68P
2019-02-11,Canada,12,166354.0,2IRZnDFmlqMuOrYOLnZZyc
2019-02-11,Canada,15,141958.0,39LmTF9RgyakzSYX8txrow
2019-02-11,Canada,16,139671.0,3Ol2xnObFdKV9pmRD2t9x8
2019-02-11,Canada,18,131643.0,5p7ujcrUXASCNwRaWNHR1C
2019-02-11,Canada,19,130910.0,2xLMifQCjDGFmkHkpNLD9h
2019-02-11,Canada,21,119433.0,3oh6SCCeLuXhFpEyepla6G
2019-02-11,Canada,23,116208.0,2VxeLyX666F8uXCJ0dZF8B
2019-02-11,Canada,24,115445.0,2dpaYNEQHiRxtZbfNsse99
2019-02-11,Canada,25,115385.0,6Qs4SXO9dwPj5GKvVOv8Ki
2019-02-11,Canada,26,113206.0,2t8yVaLvJ0RenpXUIAC52d
2019-02-11,Canada,27,99397.0,0FZ4Dmg8jJJAPJnvBIzD9z
2019-02-11,Canada,28,96301.0,78QR3Wp35dqAhFEc2qAGjE
2019-02-11,Canada,29,91640.0,63cd4JkwGgYJrbOizbfmsp
2019-02-11,Canada,31,89649.0,7FGq80cy8juXBCD2nrqdWU
2019-02-11,Canada,32,89308.0,11cDEev79fPKi6uJCjUhu8
2019-02-11,Canada,33,87899.0,1xzBco0xcoJEDXktl7Jxrr
2019-02-11,Canada,34,86410.0,7COXchtUOMd6uIT6HvmRaI
2019-02-11,Canada,35,85952.0,1rqqCSm0Qe4I9rUvWncaom
2019-02-11,Canada,36,84455.0,1wJRveJZLSb1rjhnUHQiv6
2019-02-11,Canada,37,78999.0,7dt6x5M1jzdTEt8oCbisTK
2019-02-11,Canada,39,76376.0,2qxmye6gAegTMjLKEBoR3d
2019-02-11,Canada,40,75906.0,7e4KQkp5ZR1gXCAalRjX6B
2019-02-11,Canada,41,74195.0,14JzyD6FlBD5z0wV5P07YI
2019-02-11,Canada,42,74118.0,14mHfNsSHN0FbLftyjrV9g
2019-02-11,Canada,43,70410.0,285pBltuF7vW8TeWk8hdRR
2019-02-11,Canada,45,70288.0,6zeeWid2sgw4lap2jV61PZ
2019-02-11,Canada,47,67435.0,2iUXsYOEPhVqEBwsqP70rE
2019-02-11,Canada,48,64485.0,04MLEeAMuV9IlHEsD8vF6A
2019-02-11,Canada,49,64296.0,25sgk305KZfyuqVBQIahim
2019-02-11,Canada,50,64021.0,5IaHrVsrferBYDm0bDyABy
2019-02-11,Canada,51,63593.0,0TlLq3lA83rQOYtrqBqSct
2019-02-11,Canada,52,59821.0,116H0KvKr2Zl4RPuVBruDO
2019-02-11,Canada,53,59662.0,3ee8Jmje8o58CHK66QrVC2
2019-02-11,Canada,55,59100.0,6Gy7rXB6Ku5vIWC7WGWsl3
2019-02-11,Canada,56,58853.0,5JEx7HbmvHQQswJCsoo9rA
2019-02-11,Canada,57,58596.0,0e7ipj03S05BNilyu5bRzt
2019-02-11,Canada,58,58301.0,2G1tXoGBaEMJ7FKGnkf6ud
2019-02-11,Canada,59,57593.0,6JQvHMSaR8flFsN53ypOfP
2019-02-11,Canada,60,56896.0,4BiiOzZCrXEzHRLYcYFiD5
2019-02-11,Canada,61,56467.0,3WRIaWsws011vHMd9uzPjG
2019-02-11,Canada,63,56240.0,3EPXxR3ImUwfayaurPi3cm
2019-02-11,Canada,64,55521.0,2GGMabyHXnJmjY6CXhhB2e
2019-02-11,Canada,65,55364.0,7wFybC8jBH3zE139OpCtpG
2019-02-11,Canada,66,55297.0,27rdGxbavYJeBphck5MZAF
2019-02-11,Canada,67,54600.0,5itOtNx0WxtJmi1TQ3RuRd
2019-02-11,Canada,68,53900.0,4w8niZpiMy6qz1mntFA5uM
2019-02-11,Canada,70,52888.0,7fa9MBXhVfQ8P8Df9OEbD8
2019-02-11,Canada,71,52212.0,6DCZcSspjsKoFjzjrWoCdn
2019-02-11,Canada,72,51742.0,2P91MQbaiQOfbiz9VqhqKQ
2019-02-11,Canada,73,51091.0,5WHTFyqSii0lmT9R21abT8
2019-02-11,Canada,74,50408.0,58q2HKrzhC3ozto2nDdN4z
2019-02-11,Canada,75,49112.0,1ThmUihH9dF8EV08ku5AXN
2019-02-11,Canada,76,48734.0,3swc6WTsr7rl9DqQKQA55C
2019-02-11,Canada,77,48583.0,7K7MUBCnzgBAvMVW2RTWNs
2019-02-11,Canada,80,47451.0,4OBZT9EnhYIV17t4pGw7ig
2019-02-11,Canada,81,47221.0,4e4fqjx0Izh4svvTef1z7e
2019-02-11,Canada,82,47090.0,0JP9xo3adEtGSdUEISiszL
2019-02-11,Canada,83,46985.0,4VUwkH455At9kENOfzTqmF
2019-02-11,Canada,84,46856.0,2qT1uLXPVPzGgFOx4jtEuo
2019-02-11,Canada,85,46622.0,79esEXlqqmq0GPz0xQSZTV
2019-02-11,Canada,86,46587.0,7tFiyTwD0nx5a1eklYtX2J
2019-02-11,Canada,87,46468.0,4qKcDkK6siZ7Jp1Jb4m0aL
2019-02-11,Canada,89,45043.0,2LskIZrCeLxRvCiGP8gxlh
2019-02-11,Canada,92,44004.0,2BgEsaKNfHUdlh97KmvFyo
2019-02-11,Canada,93,43673.0,51w9Jbat1pLeWINGCpnQUR
2019-02-11,Canada,94,43138.0,4OafepJy2teCjYJbvFE60J
2019-02-11,Canada,96,42885.0,2FUNBaa5DwItJtYEBgAblU
2019-02-11,Canada,97,41719.0,4QIyEq7TcTdAcxjI2AFlAK
2019-02-11,Canada,98,41575.0,2G7V7zsVDxg1yRsu7Ew9RJ
2019-02-11,Canada,99,41143.0,7sO5G9EABYOXQKNPNiE9NR
2019-02-11,Canada,100,41044.0,5600nq7TiBraBX2jobyJ3l
2019-02-11,Canada,101,40593.0,7lAK3oHbfEnvUQWosrMMpR
2019-02-11,Canada,102,40416.0,5tAa8Uaqr4VvA3693mbIhU
2019-02-11,Canada,104,39720.0,7FjZU7XFs7P9jHI9Z0yRhK
2019-02-11,Canada,106,39573.0,7m9OqQk4RVRkw9JJdeAw96
2019-02-11,Canada,109,39346.0,09IStsImFySgyp0pIQdqAc
2019-02-11,Canada,110,39250.0,1pfgsjmxVZhoZpeDx6POKv
2019-02-11,Canada,111,38604.0,6vN77lE9LK6HP2DewaN6HZ
2019-02-11,Canada,112,38447.0,6GzApXoBQiiAjak3tOQfV3
2019-02-11,Canada,113,38379.0,5Gu0PDLN4YJeW75PpBSg9p
2019-02-11,Canada,114,38365.0,60SdxE8apGAxMiRrpbmLY0
2019-02-11,Canada,116,37810.0,577YBGuskWkVDCxZrLRB4v
2019-02-11,Canada,117,37677.0,45Egmo7icyopuzJN0oMEdk
2019-02-11,Canada,118,37601.0,4S8d14HvHb70ImctNgVzQQ
2019-02-11,Canada,119,37463.0,5OCJzvD7sykQEKHH7qAC3C
2019-02-11,Canada,120,37361.0,5274I4mUMnYczyeXkGDWZN
2019-02-11,Canada,121,37291.0,6MDjeiUWPPgEwLtiBrr9he
2019-02-11,Canada,122,37071.0,5uCax9HTNlzGybIStD3vDh
2019-02-11,Canada,124,36747.0,7eBqSVxrzQZtK2mmgRG6lC
2019-02-11,Canada,126,35818.0,2v5JTeM6hSmi5wWy7jiwrI
2019-02-11,Canada,128,35748.0,1tNJrcVe6gwLEiZCtprs1u
2019-02-11,Canada,131,35187.0,1rfofaqEpACxVEHIZBJe6W
2019-02-11,Canada,132,35018.0,0tgVpDi06FyKpA1z0VMD4v
2019-02-11,Canada,135,34672.0,6vWEAOUSxohKxhp0K1BsxL
2019-02-11,Canada,136,34168.0,7vGuf3Y35N4wmASOKLUVVU
2019-02-11,Canada,137,34013.0,2RSHsoi04658QL5xgQVov3
2019-02-11,Canada,138,33772.0,74lnM5V6ecvoTPV0fvptx9
2019-02-11,Canada,139,33722.0,7GX5flRQZVHRAGd6B4TmDO
2019-02-11,Canada,140,33382.0,5w9c2J52mkdntKOmRLeM2m
2019-02-11,Canada,141,33326.0,1zB4vmk8tFRmM9UULNzbLB
2019-02-11,Canada,142,33264.0,7wBJfHzpfI3032CSD7CE2m
2019-02-11,Canada,143,33221.0,5Z3GHaZ6ec9bsiI5BenrbY
2019-02-11,Canada,147,32808.0,1NHlyKgtR4roNylOhidKSv
2019-02-11,Canada,148,32785.0,04ZTP5KsCypmtCmQg5tH9R
2019-02-11,Canada,149,32682.0,4kWO6O1BUXcZmaxitpVUwp
2019-02-11,Canada,150,32609.0,3a1lNhkSLSkpJE4MSHpDu9
2019-02-11,Canada,151,32564.0,6gBFPUFcJLzWGx4lenP6h2
2019-02-11,Canada,152,32263.0,7KXjTSCq5nL1LoYtL7XAwS
2019-02-11,Canada,153,32104.0,7ycWLEP1GsNjVvcjawXz3z
2019-02-11,Canada,154,31468.0,76cy1WJvNGJTj78UqeA5zr
2019-02-11,Canada,155,31454.0,4bHsxqR3GMrXTxEPLuK5ue
2019-02-11,Canada,156,31387.0,1ZAyjvIk9YiD76yYy0TEG6
2019-02-11,Canada,160,30832.0,7uzmGiiJyRfuViKKK3lVmR
2019-02-11,Canada,161,30634.0,0pqnGHJpmpxLKifKRmU6WP
2019-02-11,Canada,162,30437.0,5rFj8OzffT0iggSjcBaeND
2019-02-11,Canada,165,30262.0,3GCdLUSnKSMJhs4Tj6CV3s
2019-02-11,Canada,167,30150.0,4VXIryQMWpIdGgYR4TrjT1
2019-02-11,Canada,170,29954.0,4hQ6UGyWQIGJmHSo0J88JW
2019-02-11,Canada,171,29935.0,7qiZfU4dY1lWllzX7mPBI3
2019-02-11,Canada,172,29809.0,5vdp5UmvTsnMEMESIF2Ym7
2019-02-11,Canada,173,29740.0,5qHirGR7M9tdm6C17DlzSY
2019-02-11,Canada,174,29639.0,5T8EDUDqKcs6OSOwEsfqG7
2019-02-11,Canada,175,29595.0,4AhSkRYioEIfGvCV19peYN
2019-02-11,Canada,177,29535.0,4jvjzW7Hm0yK4LvvE0Paz9
2019-02-11,Canada,178,29016.0,5WtfUKzXircvW8l5aaVZWT
2019-02-11,Canada,180,28941.0,5N5k9nd479b1xpDZ4usjrg
2019-02-11,Canada,181,28922.0,3GJ4hzg4lrGwU51Y3VARbF
2019-02-11,Canada,182,28820.0,3B54sVLJ402zGa6Xm4YGNe
2019-02-11,Canada,183,28737.0,3NuK5xMlSlB6K2Qp16zf3h
2019-02-11,Canada,184,28724.0,08bNPGLD8AhKpnnERrAc6G
2019-02-11,Canada,185,28663.0,4EAV2cKiqKP5UPZmY6dejk
2019-02-11,Canada,186,28639.0,7AQim7LbvFVZJE3O8TYgf2
2019-02-11,Canada,188,28343.0,1iPBD72u3nAyFEeardYuBV
2019-02-11,Canada,189,28303.0,6Hgh47WXVKtXN5zGOu0hjI
2019-02-11,Canada,192,28255.0,152lZdxL1OR0ZMW6KquMif
2019-02-11,Canada,193,28149.0,0b9oOr2ZgvyQu88wzixux9
2019-02-11,Canada,196,27902.0,1jo3TwNGCXfNdB5uba3ZVv
2019-02-11,Canada,197,27842.0,0CZ8lquoTX2Dkg7Ak2inwA
2019-02-11,Canada,198,27717.0,7ef4DlsgrMEH11cDZd32M6
2019-02-11,Canada,199,27571.0,1Slwb6dOYkBlWal1PGtnNg
2019-01-28,Canada,1,352211.0,14msK75pk3pA33pzPVNtBF
2019-01-28,Canada,2,297957.0,2JvzF1RMd7lE3KmFlsyZD8
2019-01-28,Canada,3,237085.0,6MWtB6iiXyIwun0YzU6DFP
2019-01-28,Canada,4,217556.0,3KkXRkHbMCARz0aVfEt68P
2019-01-28,Canada,5,158594.0,2IRZnDFmlqMuOrYOLnZZyc
2019-01-28,Canada,6,149866.0,5p7ujcrUXASCNwRaWNHR1C
2019-01-28,Canada,7,137217.0,2xLMifQCjDGFmkHkpNLD9h
2019-01-28,Canada,8,131270.0,6Qs4SXO9dwPj5GKvVOv8Ki
2019-01-28,Canada,9,123410.0,3Ol2xnObFdKV9pmRD2t9x8
2019-01-28,Canada,10,122958.0,2rPE9A1vEgShuZxxzR2tZH
2019-01-28,Canada,11,113951.0,78QR3Wp35dqAhFEc2qAGjE
2019-01-28,Canada,12,108048.0,2VxeLyX666F8uXCJ0dZF8B
2019-01-28,Canada,13,107718.0,0FZ4Dmg8jJJAPJnvBIzD9z
2019-01-28,Canada,15,105222.0,1xzBco0xcoJEDXktl7Jxrr
2019-01-28,Canada,16,102619.0,1rqqCSm0Qe4I9rUvWncaom
2019-01-28,Canada,17,98107.0,2dpaYNEQHiRxtZbfNsse99
2019-01-28,Canada,18,96680.0,7wFybC8jBH3zE139OpCtpG
2019-01-28,Canada,19,93379.0,7FGq80cy8juXBCD2nrqdWU
2019-01-28,Canada,20,91383.0,14mHfNsSHN0FbLftyjrV9g
2019-01-28,Canada,22,82224.0,3WRIaWsws011vHMd9uzPjG
2019-01-28,Canada,23,82123.0,7dt6x5M1jzdTEt8oCbisTK
2019-01-28,Canada,24,79521.0,5JEx7HbmvHQQswJCsoo9rA
2019-01-28,Canada,25,78164.0,1wJRveJZLSb1rjhnUHQiv6
2019-01-28,Canada,26,78007.0,5itOtNx0WxtJmi1TQ3RuRd
2019-01-28,Canada,27,77973.0,4BiiOzZCrXEzHRLYcYFiD5
2019-01-28,Canada,28,76426.0,285pBltuF7vW8TeWk8hdRR
2019-01-28,Canada,29,76344.0,6zeeWid2sgw4lap2jV61PZ
2019-01-28,Canada,30,75598.0,04MLEeAMuV9IlHEsD8vF6A
2019-01-28,Canada,32,74992.0,5600nq7TiBraBX2jobyJ3l
2019-01-28,Canada,33,74019.0,7COXchtUOMd6uIT6HvmRaI
2019-01-28,Canada,34,70681.0,63cd4JkwGgYJrbOizbfmsp
2019-01-28,Canada,35,70175.0,14JzyD6FlBD5z0wV5P07YI
2019-01-28,Canada,36,69970.0,25sgk305KZfyuqVBQIahim
2019-01-28,Canada,37,69952.0,27rdGxbavYJeBphck5MZAF
2019-01-28,Canada,38,69521.0,2iUXsYOEPhVqEBwsqP70rE
2019-01-28,Canada,39,69353.0,2t8yVaLvJ0RenpXUIAC52d
2019-01-28,Canada,40,68109.0,3ee8Jmje8o58CHK66QrVC2
2019-01-28,Canada,41,68054.0,6Gy7rXB6Ku5vIWC7WGWsl3
2019-01-28,Canada,42,67981.0,5IaHrVsrferBYDm0bDyABy
2019-01-28,Canada,43,67531.0,116H0KvKr2Zl4RPuVBruDO
2019-01-28,Canada,44,67420.0,2G1tXoGBaEMJ7FKGnkf6ud
2019-01-28,Canada,47,63485.0,7e4KQkp5ZR1gXCAalRjX6B
2019-01-28,Canada,48,63005.0,4w8niZpiMy6qz1mntFA5uM
2019-01-28,Canada,49,62067.0,2LskIZrCeLxRvCiGP8gxlh
2019-01-28,Canada,50,61435.0,0TlLq3lA83rQOYtrqBqSct
2019-01-28,Canada,51,59489.0,0e7ipj03S05BNilyu5bRzt
2019-01-28,Canada,52,59098.0,6JQvHMSaR8flFsN53ypOfP
2019-01-28,Canada,53,57496.0,2qxmye6gAegTMjLKEBoR3d
2019-01-28,Canada,55,55978.0,3EPXxR3ImUwfayaurPi3cm
2019-01-28,Canada,56,55850.0,3oh6SCCeLuXhFpEyepla6G
2019-01-28,Canada,58,55422.0,2GGMabyHXnJmjY6CXhhB2e
2019-01-28,Canada,60,54109.0,0JP9xo3adEtGSdUEISiszL
2019-01-28,Canada,62,53557.0,2FUNBaa5DwItJtYEBgAblU
2019-01-28,Canada,63,53177.0,7K7MUBCnzgBAvMVW2RTWNs
2019-01-28,Canada,65,52944.0,2P91MQbaiQOfbiz9VqhqKQ
2019-01-28,Canada,66,52480.0,7fa9MBXhVfQ8P8Df9OEbD8
2019-01-28,Canada,67,49754.0,7tFiyTwD0nx5a1eklYtX2J
2019-01-28,Canada,68,49685.0,58q2HKrzhC3ozto2nDdN4z
2019-01-28,Canada,69,49376.0,7lAK3oHbfEnvUQWosrMMpR
2019-01-28,Canada,70,48941.0,0todbbT9g5uQGbeFCiBf2F
2019-01-28,Canada,71,48919.0,3swc6WTsr7rl9DqQKQA55C
2019-01-28,Canada,72,48867.0,6DCZcSspjsKoFjzjrWoCdn
2019-01-28,Canada,73,48024.0,4VUwkH455At9kENOfzTqmF
2019-01-28,Canada,75,47814.0,4e4fqjx0Izh4svvTef1z7e
2019-01-28,Canada,76,46982.0,5274I4mUMnYczyeXkGDWZN
2019-01-28,Canada,77,46522.0,4qKcDkK6siZ7Jp1Jb4m0aL
2019-01-28,Canada,78,45821.0,2qT1uLXPVPzGgFOx4jtEuo
2019-01-28,Canada,80,45139.0,4QIyEq7TcTdAcxjI2AFlAK
2019-01-28,Canada,81,44238.0,2G7V7zsVDxg1yRsu7Ew9RJ
2019-01-28,Canada,84,43476.0,7FjZU7XFs7P9jHI9Z0yRhK
2019-01-28,Canada,85,43251.0,5tAa8Uaqr4VvA3693mbIhU
2019-01-28,Canada,86,42949.0,7m9OqQk4RVRkw9JJdeAw96
2019-01-28,Canada,87,42775.0,2BgEsaKNfHUdlh97KmvFyo
2019-01-28,Canada,88,42639.0,7sO5G9EABYOXQKNPNiE9NR
2019-01-28,Canada,89,42593.0,1ThmUihH9dF8EV08ku5AXN
2019-01-28,Canada,91,42138.0,45Egmo7icyopuzJN0oMEdk
2019-01-28,Canada,92,42129.0,4OafepJy2teCjYJbvFE60J
2019-01-28,Canada,93,41661.0,4S8d14HvHb70ImctNgVzQQ
2019-01-28,Canada,97,40430.0,1tNJrcVe6gwLEiZCtprs1u
2019-01-28,Canada,98,40196.0,5rFj8OzffT0iggSjcBaeND
2019-01-28,Canada,99,40056.0,6GzApXoBQiiAjak3tOQfV3
2019-01-28,Canada,100,40002.0,0lsRatBUs9HNIZAmoGABzk
2019-01-28,Canada,102,39610.0,5Gu0PDLN4YJeW75PpBSg9p
2019-01-28,Canada,104,39505.0,6vN77lE9LK6HP2DewaN6HZ
2019-01-28,Canada,106,39468.0,60SdxE8apGAxMiRrpbmLY0
2019-01-28,Canada,107,39464.0,2RSHsoi04658QL5xgQVov3
2019-01-28,Canada,108,39105.0,74lnM5V6ecvoTPV0fvptx9
2019-01-28,Canada,110,37657.0,4OBZT9EnhYIV17t4pGw7ig
2019-01-28,Canada,111,37138.0,09IStsImFySgyp0pIQdqAc
2019-01-28,Canada,112,36797.0,5uCax9HTNlzGybIStD3vDh
2019-01-28,Canada,114,36539.0,6vWEAOUSxohKxhp0K1BsxL
2019-01-28,Canada,115,36238.0,3GJ4hzg4lrGwU51Y3VARbF
2019-01-28,Canada,116,36138.0,7GX5flRQZVHRAGd6B4TmDO
2019-01-28,Canada,118,35821.0,7wBJfHzpfI3032CSD7CE2m
2019-01-28,Canada,120,35453.0,0tgVpDi06FyKpA1z0VMD4v
2019-01-28,Canada,121,35387.0,4kWO6O1BUXcZmaxitpVUwp
2019-01-28,Canada,122,35310.0,1zB4vmk8tFRmM9UULNzbLB
2019-01-28,Canada,123,35286.0,4hQ6UGyWQIGJmHSo0J88JW
2019-01-28,Canada,124,35091.0,51w9Jbat1pLeWINGCpnQUR
2019-01-28,Canada,125,34977.0,5OCJzvD7sykQEKHH7qAC3C
2019-01-28,Canada,126,34549.0,1rfofaqEpACxVEHIZBJe6W
2019-01-28,Canada,127,34149.0,1NHlyKgtR4roNylOhidKSv
2019-01-28,Canada,128,34145.0,7ycWLEP1GsNjVvcjawXz3z
2019-01-28,Canada,129,33954.0,04ZTP5KsCypmtCmQg5tH9R
2019-01-28,Canada,130,33782.0,7KXjTSCq5nL1LoYtL7XAwS
2019-01-28,Canada,133,33578.0,1ZAyjvIk9YiD76yYy0TEG6
2019-01-28,Canada,135,33494.0,577YBGuskWkVDCxZrLRB4v
2019-01-28,Canada,136,33481.0,4jvjzW7Hm0yK4LvvE0Paz9
2019-01-28,Canada,137,33192.0,5Z3GHaZ6ec9bsiI5BenrbY
2019-01-28,Canada,138,33138.0,6gBFPUFcJLzWGx4lenP6h2
2019-01-28,Canada,139,32762.0,5iwz1NiezX7WWjnCgY5TH4
2019-01-28,Canada,140,32611.0,5N5k9nd479b1xpDZ4usjrg
2019-01-28,Canada,141,32611.0,3a1lNhkSLSkpJE4MSHpDu9
2019-01-28,Canada,144,31899.0,4bHsxqR3GMrXTxEPLuK5ue
2019-01-28,Canada,145,31750.0,7eBqSVxrzQZtK2mmgRG6lC
2019-01-28,Canada,146,31655.0,0pqnGHJpmpxLKifKRmU6WP
2019-01-28,Canada,147,31579.0,5qHirGR7M9tdm6C17DlzSY
2019-01-28,Canada,148,31464.0,3NuK5xMlSlB6K2Qp16zf3h
2019-01-28,Canada,149,31433.0,5T8EDUDqKcs6OSOwEsfqG7
2019-01-28,Canada,150,31400.0,7AQim7LbvFVZJE3O8TYgf2
2019-01-28,Canada,151,31243.0,4VXIryQMWpIdGgYR4TrjT1
2019-01-28,Canada,152,31109.0,4AhSkRYioEIfGvCV19peYN
2019-01-28,Canada,155,31031.0,0CZ8lquoTX2Dkg7Ak2inwA
2019-01-28,Canada,156,31019.0,5vdp5UmvTsnMEMESIF2Ym7
2019-01-28,Canada,157,30975.0,7qiZfU4dY1lWllzX7mPBI3
2019-01-28,Canada,158,30704.0,76cy1WJvNGJTj78UqeA5zr
2019-01-28,Canada,159,30531.0,1jo3TwNGCXfNdB5uba3ZVv
2019-01-28,Canada,161,30315.0,6Hgh47WXVKtXN5zGOu0hjI
2019-01-28,Canada,164,30178.0,7vGuf3Y35N4wmASOKLUVVU
2019-01-28,Canada,165,29804.0,3B54sVLJ402zGa6Xm4YGNe
2019-01-28,Canada,167,29746.0,62vpWI1CHwFy7tMIcSStl8
2019-01-28,Canada,169,29701.0,4paAidoE8VAemwU4jgCc6l
2019-01-28,Canada,170,29560.0,7uzmGiiJyRfuViKKK3lVmR
2019-01-28,Canada,171,29531.0,3WefHNGtjexZvi66ZEx9u4
2019-01-28,Canada,172,29482.0,1iPBD72u3nAyFEeardYuBV
2019-01-28,Canada,174,29316.0,7ef4DlsgrMEH11cDZd32M6
2019-01-28,Canada,175,29233.0,3GCdLUSnKSMJhs4Tj6CV3s
2019-01-28,Canada,178,28730.0,7oK9VyNzrYvRFo7nQEYkWN
2019-01-28,Canada,179,28629.0,2374M0fQpWi3dLnB54qaLX
2019-01-28,Canada,180,28418.0,5WvAo7DNuPRmk4APhdPzi8
2019-01-28,Canada,181,28310.0,155EsNGoXo7XSVF84oTPam
2019-01-28,Canada,182,28288.0,52okn5MNA47tk87PeZJLEL
2019-01-28,Canada,183,27990.0,152lZdxL1OR0ZMW6KquMif
2019-01-28,Canada,184,27963.0,1Slwb6dOYkBlWal1PGtnNg
2019-01-28,Canada,188,27668.0,3oDkdAySo1VQQG0ptV7uwa
2019-01-28,Canada,189,27478.0,6XcfKZvJio9Z0fQy11GnNX
2019-01-28,Canada,191,27326.0,30z4LVkScpeNhwHFIB8Ewa
2019-01-28,Canada,193,27145.0,7BKLCZ1jbUBVqRi2FVlTVw
2019-01-28,Canada,194,27133.0,2hnxrRNzF74mdDzpQZQukQ
2019-01-28,Canada,196,27015.0,2fuCquhmrzHpu5xcA1ci9x
2019-01-28,Canada,197,26848.0,08bNPGLD8AhKpnnERrAc6G
2019-05-20,Canada,1,244861.0,6u7jPi22kF8CTQ3rb9DHE7
2019-05-20,Canada,2,235276.0,3HVWdVOQ0ZA45FuZGSfvns
2019-05-20,Canada,3,195777.0,2Fxmhks0bxGSBdJ92vM42m
2019-05-20,Canada,4,151843.0,6LsAAHotRLMOHfCsSfYCsz
2019-05-20,Canada,5,142883.0,53CJANUxooaqGOtdsBTh7O
2019-05-20,Canada,6,130561.0,3KkXRkHbMCARz0aVfEt68P
2019-05-20,Canada,7,129344.0,5hVghJ4KaYES3BFUATCYn0
2019-05-20,Canada,8,114194.0,2MuMD298IpYqKF367wegUd
2019-05-20,Canada,14,96691.0,6nDKrPlXdpomGBgAlO7UdP
2019-05-20,Canada,15,94871.0,6MWtB6iiXyIwun0YzU6DFP
2019-05-20,Canada,16,89554.0,6TqXcAFInzjp0bODyvrWEq
2019-05-20,Canada,17,89065.0,1wJRveJZLSb1rjhnUHQiv6
2019-05-20,Canada,18,88370.0,6ocbgoVGwYJhOv1GgI9NsF
2019-05-20,Canada,19,86196.0,2JvzF1RMd7lE3KmFlsyZD8
2019-05-20,Canada,20,81112.0,7Feaw9WAEREY0DUOSXJLOM
2019-05-20,Canada,21,76565.0,2VxeLyX666F8uXCJ0dZF8B
2019-05-20,Canada,22,76519.0,7qEHsqek33rTcFNT9PFqLf
2019-05-20,Canada,23,76140.0,5icOoE6VgqFKohjWWNp0Ac
2019-05-20,Canada,24,76111.0,2gwkD6igEhQbDQegRCcdoB
2019-05-20,Canada,25,75383.0,7njKgVl3AnLflRad38o7AG
2019-05-20,Canada,26,74570.0,2IRZnDFmlqMuOrYOLnZZyc
2019-05-20,Canada,28,71288.0,2dpaYNEQHiRxtZbfNsse99
2019-05-20,Canada,29,71156.0,63cd4JkwGgYJrbOizbfmsp
2019-05-20,Canada,30,70899.0,5p7ujcrUXASCNwRaWNHR1C
2019-05-20,Canada,32,67165.0,4SSnFejRGlZikf02HLewEF
2019-05-20,Canada,33,66082.0,7FGq80cy8juXBCD2nrqdWU
2019-05-20,Canada,34,65801.0,4kV4N9D1iKVxx1KLvtTpjS
2019-05-20,Canada,35,65732.0,7eBqSVxrzQZtK2mmgRG6lC
2019-05-20,Canada,36,65574.0,5WHTFyqSii0lmT9R21abT8
2019-05-20,Canada,37,65226.0,1Hd2XLitkt1PYCWSbfF5qV
2019-05-20,Canada,38,64849.0,6Qs4SXO9dwPj5GKvVOv8Ki
2019-05-20,Canada,40,63571.0,3XiNC94b4Tq1xwv70sQJGN
2019-05-20,Canada,41,61277.0,0NJp8GyCOWnQh71xKSPfuV
2019-05-20,Canada,42,59899.0,2xLMifQCjDGFmkHkpNLD9h
2019-05-20,Canada,44,58366.0,3y3brCCecHC3Db18aIOnny
2019-05-20,Canada,45,57346.0,25sgk305KZfyuqVBQIahim
2019-05-20,Canada,48,54731.0,3Ol2xnObFdKV9pmRD2t9x8
2019-05-20,Canada,50,54393.0,0BnTBAGmr9FtYwkZrwKhwS
2019-05-20,Canada,51,53948.0,1tNJrcVe6gwLEiZCtprs1u
2019-05-20,Canada,52,53946.0,6zeeWid2sgw4lap2jV61PZ
2019-05-20,Canada,54,53620.0,1rqqCSm0Qe4I9rUvWncaom
2019-05-20,Canada,56,52387.0,6Hj9jySrnFppAI0sEMCZpJ
2019-05-20,Canada,58,51524.0,285pBltuF7vW8TeWk8hdRR
2019-05-20,Canada,60,50771.0,0u2P5u6lvoDfwTYjAADbn4
2019-05-20,Canada,62,49734.0,78QR3Wp35dqAhFEc2qAGjE
2019-05-20,Canada,63,49724.0,7dt6x5M1jzdTEt8oCbisTK
2019-05-20,Canada,64,49377.0,2tOOcDDYkh0PSjr6GwPEAJ
2019-05-20,Canada,65,49288.0,5KawlOMHjWeUjQtnuRs22c
2019-05-20,Canada,66,49024.0,3e9HZxeyfWwjeyPAMmWSSQ
2019-05-20,Canada,67,47823.0,7COXchtUOMd6uIT6HvmRaI
2019-05-20,Canada,68,47342.0,6jfEZdUJ2Yla6h7gTJgKuo
2019-05-20,Canada,69,47258.0,2iUXsYOEPhVqEBwsqP70rE
2019-05-20,Canada,70,45689.0,0e7ipj03S05BNilyu5bRzt
2019-05-20,Canada,71,45675.0,6vWEAOUSxohKxhp0K1BsxL
2019-05-20,Canada,72,45239.0,5MvLsT03RBp67RLoeISCdl
2019-05-20,Canada,74,44791.0,4e4fqjx0Izh4svvTef1z7e
2019-05-20,Canada,75,44733.0,1ThmUihH9dF8EV08ku5AXN
2019-05-20,Canada,76,44562.0,4u7EnebtmKWzUH433cf5Qv
2019-05-20,Canada,78,43491.0,0FZ4Dmg8jJJAPJnvBIzD9z
2019-05-20,Canada,79,43339.0,5IaHrVsrferBYDm0bDyABy
2019-05-20,Canada,82,43086.0,4NSW0Km5ZG60L8FthUebPJ
2019-05-20,Canada,84,42873.0,5w9c2J52mkdntKOmRLeM2m
2019-05-20,Canada,85,42610.0,4PkIDTPGedm0enzdvilLNd
2019-05-20,Canada,86,42098.0,59ywHNwwchG4nZJMLyxSzd
2019-05-20,Canada,87,41654.0,3SZqA7rQvROJsCbUu2v0xa
2019-05-20,Canada,91,41127.0,0yFvWTLs3iIwDbc91noXGT
2019-05-20,Canada,92,41043.0,1xzBco0xcoJEDXktl7Jxrr
2019-05-20,Canada,93,41016.0,3ee8Jmje8o58CHK66QrVC2
2019-05-20,Canada,94,40999.0,7K7MUBCnzgBAvMVW2RTWNs
2019-05-20,Canada,96,40264.0,45ZGEdLxCZvdMX9jWlsAAx
2019-05-20,Canada,97,39957.0,4ZT9FnbFu1PaBfV3itxiqT
2019-05-20,Canada,99,39178.0,3XF5xLJHOQQRbWya6hBp7d
2019-05-20,Canada,102,38810.0,7fa9MBXhVfQ8P8Df9OEbD8
2019-05-20,Canada,103,38557.0,2P91MQbaiQOfbiz9VqhqKQ
2019-05-20,Canada,105,37793.0,4bHsxqR3GMrXTxEPLuK5ue
2019-05-20,Canada,106,37776.0,14mHfNsSHN0FbLftyjrV9g
2019-05-20,Canada,107,37728.0,5JEx7HbmvHQQswJCsoo9rA
2019-05-20,Canada,108,37477.0,0TlLq3lA83rQOYtrqBqSct
2019-05-20,Canada,110,37128.0,58q2HKrzhC3ozto2nDdN4z
2019-05-20,Canada,113,36830.0,0uUNN1nSoUx1A4fkDCWDQ7
2019-05-20,Canada,114,36814.0,2t8yVaLvJ0RenpXUIAC52d
2019-05-20,Canada,115,36551.0,3Tc57t9l2O8FwQZtQOvPXK
2019-05-20,Canada,116,36116.0,6DCZcSspjsKoFjzjrWoCdn
2019-05-20,Canada,117,35767.0,3swc6WTsr7rl9DqQKQA55C
2019-05-20,Canada,118,35752.0,09oZ9eXQ2fo6YDrPzJqAoP
2019-05-20,Canada,119,35533.0,0JP9xo3adEtGSdUEISiszL
2019-05-20,Canada,120,35439.0,577YBGuskWkVDCxZrLRB4v
2019-05-20,Canada,123,35109.0,1DFD5Fotzgn6yYXkYsKiGs
2019-05-20,Canada,125,35041.0,5Gu0PDLN4YJeW75PpBSg9p
2019-05-20,Canada,126,34981.0,6JQvHMSaR8flFsN53ypOfP
2019-05-20,Canada,127,34832.0,7qiZfU4dY1lWllzX7mPBI3
2019-05-20,Canada,129,34162.0,1zB4vmk8tFRmM9UULNzbLB
2019-05-20,Canada,131,33480.0,4pCEIQ6wBVuaJdER5bALtO
2019-05-20,Canada,132,33477.0,2qxmye6gAegTMjLKEBoR3d
2019-05-20,Canada,133,33419.0,4w8niZpiMy6qz1mntFA5uM
2019-05-20,Canada,134,33214.0,6ya8ejoKgw906Y8LWclqrp
2019-05-20,Canada,136,33124.0,0tgVpDi06FyKpA1z0VMD4v
2019-05-20,Canada,137,33049.0,1WSGTYKLEpKfNQYYW5Oymt
2019-05-20,Canada,138,32600.0,0pqnGHJpmpxLKifKRmU6WP
2019-05-20,Canada,140,32550.0,2G7V7zsVDxg1yRsu7Ew9RJ
2019-05-20,Canada,141,32514.0,09IStsImFySgyp0pIQdqAc
2019-05-20,Canada,142,32443.0,4dAMdQ6g4kGmnc1MDHsg77
2019-05-20,Canada,143,32439.0,4QIo4oxwzzafcBWkKjDpXY
2019-05-20,Canada,145,32400.0,116H0KvKr2Zl4RPuVBruDO
2019-05-20,Canada,146,32271.0,2BgEsaKNfHUdlh97KmvFyo
2019-05-20,Canada,147,32250.0,3oh6SCCeLuXhFpEyepla6G
2019-05-20,Canada,150,31830.0,7sO5G9EABYOXQKNPNiE9NR
2019-05-20,Canada,152,31355.0,4ZLzoOkj0MPWrTLvooIuaa
2019-05-20,Canada,154,31037.0,6IRdLKIyS4p7XNiP8r6rsx
2019-05-20,Canada,155,30719.0,79esEXlqqmq0GPz0xQSZTV
2019-05-20,Canada,159,30396.0,5uCax9HTNlzGybIStD3vDh
2019-05-20,Canada,165,29919.0,5T8EDUDqKcs6OSOwEsfqG7
2019-05-20,Canada,168,29606.0,4qKcDkK6siZ7Jp1Jb4m0aL
2019-05-20,Canada,169,29561.0,7e89621JPkKaeDSTQ3avtg
2019-05-20,Canada,170,29491.0,53hNIcq8OLj9OUNvQ4ulFM
2019-05-20,Canada,171,29406.0,7GX5flRQZVHRAGd6B4TmDO
2019-05-20,Canada,172,29377.0,7m9OqQk4RVRkw9JJdeAw96
2019-05-20,Canada,173,29350.0,5vdp5UmvTsnMEMESIF2Ym7
2019-05-20,Canada,175,29180.0,6CcJMwBtXByIz4zQLzFkKc
2019-05-20,Canada,176,29160.0,5rU6kDNXZLXIinFezpbWbO
2019-05-20,Canada,178,28985.0,5Z3GHaZ6ec9bsiI5BenrbY
2019-05-20,Canada,179,28962.0,4WzhjxvLP95y7AMDy0Atwb
2019-05-20,Canada,180,28929.0,4Of7rzpRpV1mWRbhp5rAqG
2019-05-20,Canada,181,28836.0,2G1tXoGBaEMJ7FKGnkf6ud
2019-05-20,Canada,183,28315.0,4au7FRcgZzChASRYu279xH
2019-05-20,Canada,184,28289.0,1rfofaqEpACxVEHIZBJe6W
2019-05-20,Canada,185,27866.0,7KXjTSCq5nL1LoYtL7XAwS
2019-05-20,Canada,187,27542.0,2374M0fQpWi3dLnB54qaLX
2019-05-20,Canada,188,27484.0,0fcq51a3gOI6gPvzc0YLsk
2019-05-20,Canada,189,27364.0,6ZahaGPhyiXTi1pLEtGM6e
2019-05-20,Canada,191,27294.0,6vN77lE9LK6HP2DewaN6HZ
2019-05-20,Canada,193,27230.0,04MLEeAMuV9IlHEsD8vF6A
2019-05-20,Canada,194,27113.0,1JIgaRnqtzS7DuGM3hVZU9
2019-05-20,Canada,195,26919.0,3a1lNhkSLSkpJE4MSHpDu9
2019-05-20,Canada,196,26912.0,5duCElafuovM4ZSmkQL4hn
2019-05-20,Canada,197,26788.0,1c0hsvHLELX6y8qymnpLKL
2019-05-20,Canada,198,26722.0,7oK9VyNzrYvRFo7nQEYkWN
2019-05-20,Canada,200,26616.0,3gdewACMIVMEWVbyb8O9sY
2019-04-28,Canada,1,275280.0,6u7jPi22kF8CTQ3rb9DHE7
2019-04-28,Canada,2,205168.0,53CJANUxooaqGOtdsBTh7O
2019-04-28,Canada,3,196663.0,2Fxmhks0bxGSBdJ92vM42m
2019-04-28,Canada,4,176160.0,4Sib57MmYGJzSvkW84jTwh
2019-04-28,Canada,5,135369.0,3KkXRkHbMCARz0aVfEt68P
2019-04-28,Canada,6,116101.0,1wJRveJZLSb1rjhnUHQiv6
2019-04-28,Canada,7,108577.0,6MWtB6iiXyIwun0YzU6DFP
2019-04-28,Canada,8,107748.0,6nDKrPlXdpomGBgAlO7UdP
2019-04-28,Canada,9,107624.0,6ocbgoVGwYJhOv1GgI9NsF
2019-04-28,Canada,10,103939.0,2JvzF1RMd7lE3KmFlsyZD8
2019-04-28,Canada,11,103250.0,6TqXcAFInzjp0bODyvrWEq
2019-04-28,Canada,13,96486.0,2IRZnDFmlqMuOrYOLnZZyc
2019-04-28,Canada,14,91675.0,3XiNC94b4Tq1xwv70sQJGN
2019-04-28,Canada,15,89463.0,5KawlOMHjWeUjQtnuRs22c
2019-04-28,Canada,16,88104.0,63cd4JkwGgYJrbOizbfmsp
2019-04-28,Canada,17,87058.0,2VxeLyX666F8uXCJ0dZF8B
2019-04-28,Canada,18,86791.0,4SSnFejRGlZikf02HLewEF
2019-04-28,Canada,19,85974.0,7eBqSVxrzQZtK2mmgRG6lC
2019-04-28,Canada,20,76193.0,2dpaYNEQHiRxtZbfNsse99
2019-04-28,Canada,21,75094.0,4kV4N9D1iKVxx1KLvtTpjS
2019-04-28,Canada,25,71611.0,0NJp8GyCOWnQh71xKSPfuV
2019-04-28,Canada,27,70618.0,5icOoE6VgqFKohjWWNp0Ac
2019-04-28,Canada,28,68943.0,5p7ujcrUXASCNwRaWNHR1C
2019-04-28,Canada,29,68340.0,7FGq80cy8juXBCD2nrqdWU
2019-04-28,Canada,30,67758.0,2xLMifQCjDGFmkHkpNLD9h
2019-04-28,Canada,35,65780.0,6zeeWid2sgw4lap2jV61PZ
2019-04-28,Canada,36,65239.0,5WHTFyqSii0lmT9R21abT8
2019-04-28,Canada,37,64433.0,6vWEAOUSxohKxhp0K1BsxL
2019-04-28,Canada,38,64318.0,3e9HZxeyfWwjeyPAMmWSSQ
2019-04-28,Canada,39,64120.0,3Ol2xnObFdKV9pmRD2t9x8
2019-04-28,Canada,40,63553.0,6Qs4SXO9dwPj5GKvVOv8Ki
2019-04-28,Canada,41,62809.0,6Hj9jySrnFppAI0sEMCZpJ
2019-04-28,Canada,42,60984.0,1ThmUihH9dF8EV08ku5AXN
2019-04-28,Canada,43,60433.0,1rqqCSm0Qe4I9rUvWncaom
2019-04-28,Canada,44,59212.0,25sgk305KZfyuqVBQIahim
2019-04-28,Canada,48,57044.0,7njKgVl3AnLflRad38o7AG
2019-04-28,Canada,50,56511.0,09oZ9eXQ2fo6YDrPzJqAoP
2019-04-28,Canada,52,56440.0,7dt6x5M1jzdTEt8oCbisTK
2019-04-28,Canada,53,55664.0,78QR3Wp35dqAhFEc2qAGjE
2019-04-28,Canada,54,53702.0,0FZ4Dmg8jJJAPJnvBIzD9z
2019-04-28,Canada,55,53566.0,285pBltuF7vW8TeWk8hdRR
2019-04-28,Canada,56,52132.0,6IRdLKIyS4p7XNiP8r6rsx
2019-04-28,Canada,57,52072.0,6jfEZdUJ2Yla6h7gTJgKuo
2019-04-28,Canada,58,51327.0,3XF5xLJHOQQRbWya6hBp7d
2019-04-28,Canada,60,50965.0,4pCEIQ6wBVuaJdER5bALtO
2019-04-28,Canada,61,50772.0,3Tc57t9l2O8FwQZtQOvPXK
2019-04-28,Canada,63,49732.0,1xzBco0xcoJEDXktl7Jxrr
2019-04-28,Canada,64,49411.0,7COXchtUOMd6uIT6HvmRaI
2019-04-28,Canada,65,49166.0,2iUXsYOEPhVqEBwsqP70rE
2019-04-28,Canada,66,48380.0,2t8yVaLvJ0RenpXUIAC52d
2019-04-28,Canada,67,47713.0,2qxmye6gAegTMjLKEBoR3d
2019-04-28,Canada,68,47528.0,0e7ipj03S05BNilyu5bRzt
2019-04-28,Canada,71,46490.0,5w9c2J52mkdntKOmRLeM2m
2019-04-28,Canada,72,46406.0,5IaHrVsrferBYDm0bDyABy
2019-04-28,Canada,73,45905.0,4u7EnebtmKWzUH433cf5Qv
2019-04-28,Canada,74,45438.0,3y3brCCecHC3Db18aIOnny
2019-04-28,Canada,75,44732.0,6tsOcBnaKgzK22yEiqRh8P
2019-04-28,Canada,76,44681.0,4QIo4oxwzzafcBWkKjDpXY
2019-04-28,Canada,77,44565.0,4PkIDTPGedm0enzdvilLNd
2019-04-28,Canada,78,44452.0,6ya8ejoKgw906Y8LWclqrp
2019-04-28,Canada,79,43788.0,3ee8Jmje8o58CHK66QrVC2
2019-04-28,Canada,80,43566.0,3oh6SCCeLuXhFpEyepla6G
2019-04-28,Canada,81,43357.0,1tNJrcVe6gwLEiZCtprs1u
2019-04-28,Canada,82,43269.0,7fa9MBXhVfQ8P8Df9OEbD8
2019-04-28,Canada,83,43127.0,5JEx7HbmvHQQswJCsoo9rA
2019-04-28,Canada,85,42837.0,4ZT9FnbFu1PaBfV3itxiqT
2019-04-28,Canada,86,42414.0,7K7MUBCnzgBAvMVW2RTWNs
2019-04-28,Canada,87,42402.0,2P91MQbaiQOfbiz9VqhqKQ
2019-04-28,Canada,88,42197.0,59ywHNwwchG4nZJMLyxSzd
2019-04-28,Canada,89,42073.0,4e4fqjx0Izh4svvTef1z7e
2019-04-28,Canada,90,42036.0,45ZGEdLxCZvdMX9jWlsAAx
2019-04-28,Canada,92,41635.0,14mHfNsSHN0FbLftyjrV9g
2019-04-28,Canada,93,40452.0,0TlLq3lA83rQOYtrqBqSct
2019-04-28,Canada,94,40076.0,4w8niZpiMy6qz1mntFA5uM
2019-04-28,Canada,95,40061.0,4n7jnSxVLd8QioibtTDBDq
2019-04-28,Canada,97,39389.0,6tByydPskASjm9jTPkNQq0
2019-04-28,Canada,98,38888.0,0fcq51a3gOI6gPvzc0YLsk
2019-04-28,Canada,99,38763.0,58q2HKrzhC3ozto2nDdN4z
2019-04-28,Canada,100,38627.0,116H0KvKr2Zl4RPuVBruDO
2019-04-28,Canada,101,38451.0,3swc6WTsr7rl9DqQKQA55C
2019-04-28,Canada,103,38199.0,0JP9xo3adEtGSdUEISiszL
2019-04-28,Canada,105,37431.0,6DCZcSspjsKoFjzjrWoCdn
2019-04-28,Canada,107,36956.0,577YBGuskWkVDCxZrLRB4v
2019-04-28,Canada,109,36734.0,6JQvHMSaR8flFsN53ypOfP
2019-04-28,Canada,113,36091.0,6CcJMwBtXByIz4zQLzFkKc
2019-04-28,Canada,116,35459.0,4bHsxqR3GMrXTxEPLuK5ue
2019-04-28,Canada,118,34390.0,1WSGTYKLEpKfNQYYW5Oymt
2019-04-28,Canada,119,34283.0,7sO5G9EABYOXQKNPNiE9NR
2019-04-28,Canada,121,33809.0,09IStsImFySgyp0pIQdqAc
2019-04-28,Canada,122,33706.0,6ZahaGPhyiXTi1pLEtGM6e
2019-04-28,Canada,123,33642.0,1zB4vmk8tFRmM9UULNzbLB
2019-04-28,Canada,124,33634.0,7qiZfU4dY1lWllzX7mPBI3
2019-04-28,Canada,125,33607.0,7Feaw9WAEREY0DUOSXJLOM
2019-04-28,Canada,126,33548.0,2G1tXoGBaEMJ7FKGnkf6ud
2019-04-28,Canada,127,33472.0,2G7V7zsVDxg1yRsu7Ew9RJ
2019-04-28,Canada,128,32910.0,4WzhjxvLP95y7AMDy0Atwb
2019-04-28,Canada,129,32861.0,5MvLsT03RBp67RLoeISCdl
2019-04-28,Canada,130,32730.0,4qKcDkK6siZ7Jp1Jb4m0aL
2019-04-28,Canada,131,32659.0,2gwkD6igEhQbDQegRCcdoB
2019-04-28,Canada,132,32567.0,3hhs1XHsWvbH0mP9D1BT2Z
2019-04-28,Canada,133,32554.0,0tgVpDi06FyKpA1z0VMD4v
2019-04-28,Canada,135,32372.0,0uUNN1nSoUx1A4fkDCWDQ7
2019-04-28,Canada,136,32052.0,2BgEsaKNfHUdlh97KmvFyo
2019-04-28,Canada,137,31895.0,7qEKqBCD2vE5vIBsrUitpD
2019-04-28,Canada,140,31668.0,4NSW0Km5ZG60L8FthUebPJ
2019-04-28,Canada,142,31406.0,4dAMdQ6g4kGmnc1MDHsg77
2019-04-28,Canada,143,31175.0,0PG9fbaaHFHfre2gUVo7AN
2019-04-28,Canada,144,31089.0,7GX5flRQZVHRAGd6B4TmDO
2019-04-28,Canada,145,30916.0,79esEXlqqmq0GPz0xQSZTV
2019-04-28,Canada,146,30888.0,5vdp5UmvTsnMEMESIF2Ym7
2019-04-28,Canada,148,30839.0,0tMSssfxAL2oV8Vri0mFHE
2019-04-28,Canada,149,30808.0,7m9OqQk4RVRkw9JJdeAw96
2019-04-28,Canada,150,30803.0,5T8EDUDqKcs6OSOwEsfqG7
2019-04-28,Canada,151,30717.0,5Z3GHaZ6ec9bsiI5BenrbY
2019-04-28,Canada,152,30695.0,0pqnGHJpmpxLKifKRmU6WP
2019-04-28,Canada,153,30693.0,53hNIcq8OLj9OUNvQ4ulFM
2019-04-28,Canada,155,30315.0,04MLEeAMuV9IlHEsD8vF6A
2019-04-28,Canada,156,30080.0,5uCax9HTNlzGybIStD3vDh
2019-04-28,Canada,158,29759.0,7KXjTSCq5nL1LoYtL7XAwS
2019-04-28,Canada,160,29411.0,2qT1uLXPVPzGgFOx4jtEuo
2019-04-28,Canada,162,29251.0,1rfofaqEpACxVEHIZBJe6W
2019-04-28,Canada,163,29239.0,3a1lNhkSLSkpJE4MSHpDu9
2019-04-28,Canada,164,29216.0,7pMRoGLEJuFM2wl5pt0R99
2019-04-28,Canada,165,29209.0,2GGMabyHXnJmjY6CXhhB2e
2019-04-28,Canada,167,29094.0,4VUwkH455At9kENOfzTqmF
2019-04-28,Canada,169,28617.0,5rU6kDNXZLXIinFezpbWbO
2019-04-28,Canada,170,28567.0,3B54sVLJ402zGa6Xm4YGNe
2019-04-28,Canada,172,28283.0,7hzlzoOwCZ4D3Ow5YZK4kj
2019-04-28,Canada,175,28195.0,2374M0fQpWi3dLnB54qaLX
2019-04-28,Canada,176,27969.0,6vN77lE9LK6HP2DewaN6HZ
2019-04-28,Canada,177,27875.0,4kWO6O1BUXcZmaxitpVUwp
2019-04-28,Canada,181,27615.0,4ZLzoOkj0MPWrTLvooIuaa
2019-04-28,Canada,183,27491.0,45Egmo7icyopuzJN0oMEdk
2019-04-28,Canada,186,27285.0,6Dma0t0hOe6Bd6u5YRKF3n
2019-04-28,Canada,187,27269.0,5Gu0PDLN4YJeW75PpBSg9p
2019-04-28,Canada,188,27254.0,60SdxE8apGAxMiRrpbmLY0
2019-04-28,Canada,189,27181.0,6gBFPUFcJLzWGx4lenP6h2
2019-04-28,Canada,192,26706.0,6X29iaaazwho3ab7GNue5r
2019-04-28,Canada,194,26533.0,3E7dfMvvCLUddWissuqMwr
2019-04-28,Canada,195,26326.0,152lZdxL1OR0ZMW6KquMif
2019-04-28,Canada,196,26278.0,2RSHsoi04658QL5xgQVov3
2019-04-28,Canada,197,26254.0,7oK9VyNzrYvRFo7nQEYkWN
2019-04-28,Canada,198,26074.0,7e89621JPkKaeDSTQ3avtg
2019-04-28,Canada,199,26018.0,7BKLCZ1jbUBVqRi2FVlTVw
2019-03-11,Canada,2,180641.0,6ocbgoVGwYJhOv1GgI9NsF
2019-03-11,Canada,3,165696.0,6MWtB6iiXyIwun0YzU6DFP
2019-03-11,Canada,4,160184.0,4kV4N9D1iKVxx1KLvtTpjS
2019-03-11,Canada,5,157340.0,3KkXRkHbMCARz0aVfEt68P
2019-03-11,Canada,6,151143.0,2JvzF1RMd7lE3KmFlsyZD8
2019-03-11,Canada,8,143675.0,7eBqSVxrzQZtK2mmgRG6lC
2019-03-11,Canada,9,129976.0,6Hj9jySrnFppAI0sEMCZpJ
2019-03-11,Canada,10,126451.0,2VxeLyX666F8uXCJ0dZF8B
2019-03-11,Canada,11,122956.0,2IRZnDFmlqMuOrYOLnZZyc
2019-03-11,Canada,13,109466.0,63cd4JkwGgYJrbOizbfmsp
2019-03-11,Canada,14,109305.0,6Qs4SXO9dwPj5GKvVOv8Ki
2019-03-11,Canada,15,108573.0,3Ol2xnObFdKV9pmRD2t9x8
2019-03-11,Canada,17,96240.0,2xLMifQCjDGFmkHkpNLD9h
2019-03-11,Canada,18,95558.0,2dpaYNEQHiRxtZbfNsse99
2019-03-11,Canada,19,94413.0,1wJRveJZLSb1rjhnUHQiv6
2019-03-11,Canada,20,94192.0,5p7ujcrUXASCNwRaWNHR1C
2019-03-11,Canada,21,94123.0,1DUSuNhF8P5vUGNPpQiZa5
2019-03-11,Canada,22,93452.0,4NzMOnvSJVNKF7nw5NkXIP
2019-03-11,Canada,23,88438.0,5icOoE6VgqFKohjWWNp0Ac
2019-03-11,Canada,24,86099.0,3e9HZxeyfWwjeyPAMmWSSQ
2019-03-11,Canada,25,85844.0,1WSGTYKLEpKfNQYYW5Oymt
2019-03-11,Canada,26,84248.0,3oh6SCCeLuXhFpEyepla6G
2019-03-11,Canada,27,83287.0,13ZyrkCDmRz5xY3seuAWYk
2019-03-11,Canada,28,82556.0,7COXchtUOMd6uIT6HvmRaI
2019-03-11,Canada,29,80503.0,7FGq80cy8juXBCD2nrqdWU
2019-03-11,Canada,30,80121.0,0FZ4Dmg8jJJAPJnvBIzD9z
2019-03-11,Canada,31,79206.0,0PG9fbaaHFHfre2gUVo7AN
2019-03-11,Canada,32,79140.0,2qxmye6gAegTMjLKEBoR3d
2019-03-11,Canada,33,77077.0,78QR3Wp35dqAhFEc2qAGjE
2019-03-11,Canada,34,72727.0,2t8yVaLvJ0RenpXUIAC52d
2019-03-11,Canada,35,72211.0,1xzBco0xcoJEDXktl7Jxrr
2019-03-11,Canada,36,71182.0,7dt6x5M1jzdTEt8oCbisTK
2019-03-11,Canada,37,70316.0,41MCdlvXOl62B7Kv86Bb1v
2019-03-11,Canada,38,69446.0,1rqqCSm0Qe4I9rUvWncaom
2019-03-11,Canada,39,67742.0,6vWEAOUSxohKxhp0K1BsxL
2019-03-11,Canada,40,67130.0,11cDEev79fPKi6uJCjUhu8
2019-03-11,Canada,41,66989.0,285pBltuF7vW8TeWk8hdRR
2019-03-11,Canada,42,66348.0,6zeeWid2sgw4lap2jV61PZ
2019-03-11,Canada,44,63924.0,4ZT9FnbFu1PaBfV3itxiqT
2019-03-11,Canada,46,62819.0,5WHTFyqSii0lmT9R21abT8
2019-03-11,Canada,47,62251.0,2iUXsYOEPhVqEBwsqP70rE
2019-03-11,Canada,49,61031.0,0TlLq3lA83rQOYtrqBqSct
2019-03-11,Canada,50,57979.0,25sgk305KZfyuqVBQIahim
2019-03-11,Canada,51,57589.0,5w9c2J52mkdntKOmRLeM2m
2019-03-11,Canada,52,56739.0,7tFiyTwD0nx5a1eklYtX2J
2019-03-11,Canada,53,56521.0,5IaHrVsrferBYDm0bDyABy
2019-03-11,Canada,54,56345.0,14mHfNsSHN0FbLftyjrV9g
2019-03-11,Canada,55,56082.0,5itOtNx0WxtJmi1TQ3RuRd
2019-03-11,Canada,56,55320.0,3EPXxR3ImUwfayaurPi3cm
2019-03-11,Canada,57,55218.0,3ee8Jmje8o58CHK66QrVC2
2019-03-11,Canada,62,53219.0,14JzyD6FlBD5z0wV5P07YI
2019-03-11,Canada,63,52071.0,1ThmUihH9dF8EV08ku5AXN
2019-03-11,Canada,65,51560.0,14SaZBTjxlorHJQxXh01Hu
2019-03-11,Canada,66,51029.0,0e7ipj03S05BNilyu5bRzt
2019-03-11,Canada,68,50058.0,4w8niZpiMy6qz1mntFA5uM
2019-03-11,Canada,69,49931.0,04MLEeAMuV9IlHEsD8vF6A
2019-03-11,Canada,71,49377.0,116H0KvKr2Zl4RPuVBruDO
2019-03-11,Canada,72,49024.0,7K7MUBCnzgBAvMVW2RTWNs
2019-03-11,Canada,74,48556.0,2G1tXoGBaEMJ7FKGnkf6ud
2019-03-11,Canada,76,47665.0,7pMRoGLEJuFM2wl5pt0R99
2019-03-11,Canada,77,47627.0,6JQvHMSaR8flFsN53ypOfP
2019-03-11,Canada,78,47236.0,5JEx7HbmvHQQswJCsoo9rA
2019-03-11,Canada,79,47094.0,2P91MQbaiQOfbiz9VqhqKQ
2019-03-11,Canada,82,45926.0,0JP9xo3adEtGSdUEISiszL
2019-03-11,Canada,83,45391.0,2GGMabyHXnJmjY6CXhhB2e
2019-03-11,Canada,84,44047.0,58q2HKrzhC3ozto2nDdN4z
2019-03-11,Canada,85,43997.0,2BgEsaKNfHUdlh97KmvFyo
2019-03-11,Canada,86,43919.0,3swc6WTsr7rl9DqQKQA55C
2019-03-11,Canada,87,43822.0,7fa9MBXhVfQ8P8Df9OEbD8
2019-03-11,Canada,88,43036.0,4e4fqjx0Izh4svvTef1z7e
2019-03-11,Canada,90,42865.0,7sO5G9EABYOXQKNPNiE9NR
2019-03-11,Canada,92,42383.0,6Gy7rXB6Ku5vIWC7WGWsl3
2019-03-11,Canada,95,41397.0,4qKcDkK6siZ7Jp1Jb4m0aL
2019-03-11,Canada,96,41143.0,79esEXlqqmq0GPz0xQSZTV
2019-03-11,Canada,97,41037.0,6DCZcSspjsKoFjzjrWoCdn
2019-03-11,Canada,104,38568.0,39LmTF9RgyakzSYX8txrow
2019-03-11,Canada,105,38173.0,51w9Jbat1pLeWINGCpnQUR
2019-03-11,Canada,110,37427.0,5T8EDUDqKcs6OSOwEsfqG7
2019-03-11,Canada,112,36986.0,577YBGuskWkVDCxZrLRB4v
2019-03-11,Canada,115,36482.0,60SdxE8apGAxMiRrpbmLY0
2019-03-11,Canada,116,36378.0,4VUwkH455At9kENOfzTqmF
2019-03-11,Canada,117,36355.0,5Gu0PDLN4YJeW75PpBSg9p
2019-03-11,Canada,118,36334.0,6Z4rmc0uujCpl8yXe3yjgI
2019-03-11,Canada,119,36171.0,7m9OqQk4RVRkw9JJdeAw96
2019-03-11,Canada,120,35841.0,2G7V7zsVDxg1yRsu7Ew9RJ
2019-03-11,Canada,123,35283.0,5vdp5UmvTsnMEMESIF2Ym7
2019-03-11,Canada,124,35163.0,09IStsImFySgyp0pIQdqAc
2019-03-11,Canada,126,34660.0,4QIyEq7TcTdAcxjI2AFlAK
2019-03-11,Canada,127,34630.0,6vN77lE9LK6HP2DewaN6HZ
2019-03-11,Canada,128,34605.0,5uCax9HTNlzGybIStD3vDh
2019-03-11,Canada,129,34605.0,0tgVpDi06FyKpA1z0VMD4v
2019-03-11,Canada,130,34549.0,4S8d14HvHb70ImctNgVzQQ
2019-03-11,Canada,132,34320.0,2LskIZrCeLxRvCiGP8gxlh
2019-03-11,Canada,135,33861.0,3WRIaWsws011vHMd9uzPjG
2019-03-11,Canada,136,33819.0,2qT1uLXPVPzGgFOx4jtEuo
2019-03-11,Canada,137,33622.0,45Egmo7icyopuzJN0oMEdk
2019-03-11,Canada,139,33299.0,7GX5flRQZVHRAGd6B4TmDO
2019-03-11,Canada,140,33088.0,5Z3GHaZ6ec9bsiI5BenrbY
2019-03-11,Canada,142,32939.0,5274I4mUMnYczyeXkGDWZN
2019-03-11,Canada,143,32745.0,1zB4vmk8tFRmM9UULNzbLB
2019-03-11,Canada,144,32741.0,1ahVFh0ViDZr8LvkEVlq3B
2019-03-11,Canada,145,32682.0,4VXIryQMWpIdGgYR4TrjT1
2019-03-11,Canada,146,32680.0,5WtfUKzXircvW8l5aaVZWT
2019-03-11,Canada,147,32656.0,2QrXzOqLCVDRZHkToA0tSR
2019-03-11,Canada,149,32573.0,4bHsxqR3GMrXTxEPLuK5ue
2019-03-11,Canada,150,32423.0,1rfofaqEpACxVEHIZBJe6W
2019-03-11,Canada,152,31685.0,7KXjTSCq5nL1LoYtL7XAwS
2019-03-11,Canada,154,31279.0,5tAa8Uaqr4VvA3693mbIhU
2019-03-11,Canada,159,30897.0,4OBZT9EnhYIV17t4pGw7ig
2019-03-11,Canada,161,30801.0,1ZAyjvIk9YiD76yYy0TEG6
2019-03-11,Canada,162,30764.0,6gBFPUFcJLzWGx4lenP6h2
2019-03-11,Canada,163,30560.0,7uH27oIt4a6cIFCA8ZPcyG
2019-03-11,Canada,164,30429.0,7lAK3oHbfEnvUQWosrMMpR
2019-03-11,Canada,165,30418.0,3a1lNhkSLSkpJE4MSHpDu9
2019-03-11,Canada,166,30322.0,27rdGxbavYJeBphck5MZAF
2019-03-11,Canada,167,30299.0,3qLBz3j26AHO2jBYUQWLA6
2019-03-11,Canada,168,30187.0,3Kuu5vASpXK8oRsxOvau6P
2019-03-11,Canada,169,30180.0,0pqnGHJpmpxLKifKRmU6WP
2019-03-11,Canada,171,29635.0,7ycWLEP1GsNjVvcjawXz3z
2019-03-11,Canada,172,29589.0,7qiZfU4dY1lWllzX7mPBI3
2019-03-11,Canada,173,29519.0,7vGuf3Y35N4wmASOKLUVVU
2019-03-11,Canada,174,29519.0,4kWO6O1BUXcZmaxitpVUwp
2019-03-11,Canada,176,29352.0,0OGNtqKkjI7FCE9HZ4Khgo
2019-03-11,Canada,180,28963.0,2fuCquhmrzHpu5xcA1ci9x
2019-03-11,Canada,181,28626.0,3B54sVLJ402zGa6Xm4YGNe
2019-03-11,Canada,182,28587.0,04ZTP5KsCypmtCmQg5tH9R
2019-03-11,Canada,184,28412.0,3E7dfMvvCLUddWissuqMwr
2019-03-11,Canada,185,28348.0,76cy1WJvNGJTj78UqeA5zr
2019-03-11,Canada,186,28171.0,3NuK5xMlSlB6K2Qp16zf3h
2019-03-11,Canada,187,28139.0,7wBJfHzpfI3032CSD7CE2m
2019-03-11,Canada,188,28135.0,62vpWI1CHwFy7tMIcSStl8
2019-03-11,Canada,190,27731.0,7oK9VyNzrYvRFo7nQEYkWN
2019-03-11,Canada,191,27692.0,152lZdxL1OR0ZMW6KquMif
2019-03-11,Canada,194,27002.0,2FUNBaa5DwItJtYEBgAblU
2019-03-11,Canada,198,26638.0,2374M0fQpWi3dLnB54qaLX
2019-03-11,Canada,199,26608.0,7uzmGiiJyRfuViKKK3lVmR
2019-11-03,Canada,61,49257.0,6Ozh9Ok6h4Oi1wUSLtBseN
2019-11-03,Canada,1,178188.0,3eekarcy7kvN4yt5ZFzltW
2019-11-03,Canada,2,176782.0,1rgnBhdG2JDFTbYkYRZAku
2019-11-03,Canada,3,165366.0,21jGcNKet2qwijlDFuPiPb
2019-11-03,Canada,4,151972.0,1HfMVBKM75vxSfsQ5VefZ5
2019-11-03,Canada,5,138082.0,7qEHsqek33rTcFNT9PFqLf
2019-11-03,Canada,6,137752.0,6Gg1gjgKi2AK4e0qzsR7sd
2019-11-03,Canada,7,129509.0,2b8fOow8UzyDFAE27YhOZM
2019-11-03,Canada,8,124963.0,2QpGZOhTCHHiKmpSO9FW4h
2019-11-03,Canada,9,117085.0,7aiClxsDWFRQ0Kzk5KI5ku
2019-11-03,Canada,10,116251.0,1ZPWWSwCkxKfqdp4H0RFCo
2019-11-03,Canada,11,108914.0,2wrJq5XKLnmhRXHIAf9xBa
2019-11-03,Canada,12,108285.0,6WrI0LAC5M1Rw2MnX2ZvEg
2019-11-03,Canada,13,104482.0,6v3KW9xbzN5yKLt9YKDYA2
2019-11-03,Canada,14,95286.0,1lOe9qE0vR9zwWQAOk6CoO
2019-11-03,Canada,15,93792.0,5hDAT527wXWNBnJlujhuUs
2019-11-03,Canada,16,87803.0,51Fjme0JiitpyXKuyQiCDo
2019-11-03,Canada,17,87524.0,56AMYGJzxBO6p8v0wEe9de
2019-11-03,Canada,18,82820.0,4yI3HpbSFSgFZtJP2kDe5m
2019-11-03,Canada,19,82570.0,7CZyCXKG6d5ALeq41sLzbw
2019-11-03,Canada,20,82388.0,2Fxmhks0bxGSBdJ92vM42m
2019-11-03,Canada,22,81524.0,4sjiIpEv617LDXaidKioOI
2019-11-03,Canada,23,81464.0,70eFcWOvlMObDhURTqT4Fv
2019-11-03,Canada,24,79078.0,0RiRZpuVRbi7oqRdSMwhQY
2019-11-03,Canada,25,77836.0,4sWuPniHClkInYAnzXAYUF
2019-11-03,Canada,26,77416.0,5ry2OE6R2zPQFDO85XkgRb
2019-11-03,Canada,27,76941.0,0c7K73roy6RW4ebDkf4yGh
2019-11-03,Canada,28,75855.0,1000nHvUdawXuUHgBod4Wv
2019-11-03,Canada,29,75249.0,6vBdBCoOhKHiYDDOcorfNo
2019-11-03,Canada,30,74596.0,4vUmTMuQqjdnvlZmAH61Qk
2019-11-03,Canada,31,74509.0,07Oz5StQ7GRoygNLaXs2pd
2019-11-03,Canada,32,74424.0,4B7fTyj1FIPvP9tT5X3DnR
2019-11-03,Canada,33,73187.0,4IO8X9W69dIQe0EC5ALXhq
2019-11-03,Canada,34,71727.0,1iQDltZqI7BXnHrFy4Qo1k
2019-11-03,Canada,35,69930.0,7vJS1DPc3FzBtqBs8n3mW5
2019-11-03,Canada,36,68178.0,2tnVG71enUj33Ic2nFN6kZ
2019-11-03,Canada,37,67785.0,7LzouaWGFCy4tkXDOOnEyM
2019-11-03,Canada,38,67680.0,4hPpVbbakQNv8YTHYaOJP4
2019-11-03,Canada,39,66605.0,0hVXuCcriWRGvwMV1r5Yn9
2019-11-03,Canada,40,66140.0,2plLJpUcYPFrl1sW2pMG63
2019-11-03,Canada,41,65094.0,6b2RcmUt1g9N9mQ3CbjX2Y
2019-11-03,Canada,42,64895.0,2YpeDb67231RjR0MgVLzsG
2019-11-03,Canada,43,63071.0,735RSTb2xbtWbDtKD9XDYi
2019-11-03,Canada,44,62178.0,6moU77g9RQyMzHNuKEaQKq
2019-11-03,Canada,45,60583.0,6kls8cSlUyHW2BUOkDJIZE
2019-11-03,Canada,46,60286.0,6V9fHiv84WlVTg7CSnIVY2
2019-11-03,Canada,47,59400.0,0RLLvYBopDwooCyvnTwgYu
2019-11-03,Canada,48,58882.0,0Z26mbSHJ1dkUu7g9DDgif
2019-11-03,Canada,49,55708.0,4S4Mfvv03M1cHgIOJcbUCL
2019-11-03,Canada,50,55601.0,6XHVuErjQ4XNm6nDPVCxVX
2019-11-03,Canada,51,55362.0,6wo37KVqFJhtuxPTpLCcfe
2019-11-03,Canada,52,54104.0,6uFn47ACjqYkc0jADwEdj1
2019-11-03,Canada,53,53474.0,3s4mrPrEFFPF0LmAfutW0n
2019-11-03,Canada,55,51415.0,4Of7rzpRpV1mWRbhp5rAqG
2019-11-03,Canada,56,50849.0,5Z8HZM6iQMhhqyPcCGY5g9
2019-11-03,Canada,57,50692.0,2gwkD6igEhQbDQegRCcdoB
2019-11-03,Canada,59,49824.0,2SasoXZyv82yYgHiVOvxQn
2019-11-03,Canada,63,48573.0,0rFQ5cKYJ9WtHSKp9sxVYt
2019-11-03,Canada,64,48320.0,0fySG6A6qLE8IvDpayb5bM
2019-11-03,Canada,66,46362.0,1wJRveJZLSb1rjhnUHQiv6
2019-11-03,Canada,67,45834.0,2VxeLyX666F8uXCJ0dZF8B
2019-11-03,Canada,68,45688.0,6cy3ki60hLwimwIje7tALf
2019-11-03,Canada,69,45535.0,2xLMifQCjDGFmkHkpNLD9h
2019-11-03,Canada,70,44895.0,5aUSEPNd3m5xliFK4pn5mU
2019-11-03,Canada,71,44505.0,3cphb8kdsjElYR7r5icK3H
2019-11-03,Canada,72,44102.0,2IRZnDFmlqMuOrYOLnZZyc
2019-11-03,Canada,73,43900.0,2JvzF1RMd7lE3KmFlsyZD8
2019-11-03,Canada,76,42902.0,6oJ6le65B3SEqPwMRNXWjY
2019-11-03,Canada,77,42830.0,6klLvorLoo1sxvZcjJIY8I
2019-11-03,Canada,80,42556.0,22vgEDb5hykfaTwLuskFGD
2019-11-03,Canada,81,42512.0,6RRNNciQGZEXnqk8SQ9yv5
2019-11-03,Canada,82,42477.0,3Yh9lZcWyKrK9GjbhuS0hR
2019-11-03,Canada,83,42405.0,285pBltuF7vW8TeWk8hdRR
2019-11-03,Canada,84,42374.0,1GeNui6m825V8jP4uKiIaH
2019-11-03,Canada,85,42267.0,5ravc2aiNoYmu9m37diYXW
2019-11-03,Canada,86,41841.0,51wFQM8W0YfXTmHusXUr5i
2019-11-03,Canada,87,41512.0,7FGq80cy8juXBCD2nrqdWU
2019-11-03,Canada,89,41395.0,0DiDStADDVh3SvAsoJAFMk
2019-11-03,Canada,90,41088.0,5MPPttjfGap2C6j6eKcO6J
2019-11-03,Canada,92,40979.0,4fwo6czG5nvOQMzhOto1ya
2019-11-03,Canada,93,40889.0,2dpaYNEQHiRxtZbfNsse99
2019-11-03,Canada,94,40803.0,6TqXcAFInzjp0bODyvrWEq
2019-11-03,Canada,95,40602.0,0DosTwoHVAziTd3GfQNIef
2019-11-03,Canada,96,40426.0,7eBqSVxrzQZtK2mmgRG6lC
2019-11-03,Canada,97,40250.0,2zjGJ0dChMR0KxBZS15aqo
2019-11-03,Canada,98,40134.0,3QzAOrNlsabgbMwlZt7TAY
2019-11-03,Canada,99,39631.0,26wLOs3ZuHJa2Ihhx6QIE6
2019-11-03,Canada,100,39496.0,5a6pdCHlWS2ekOOQ70QnAr
2019-11-03,Canada,101,39477.0,7x9nXsowok1JszkVztI5NI
2019-11-03,Canada,102,39318.0,0rIAC4PXANcKmitJfoqmVm
2019-11-03,Canada,105,38826.0,46D0hYb1B7qiU33VtXt21W
2019-11-03,Canada,107,38353.0,0bYg9bo50gSsH3LtXe2SQn
2019-11-03,Canada,108,38324.0,2x3HyOx0Jd9MnlnAQRtIL3
2019-11-03,Canada,110,38082.0,7CHi4DtfK4heMlQaudCuHK
2019-11-03,Canada,111,37700.0,7pWK1kMgHy5lNNiIfuRbkP
2019-11-03,Canada,112,37397.0,1SNiXDwSilLujcYdvfqVpT
2019-11-03,Canada,113,37375.0,78QR3Wp35dqAhFEc2qAGjE
2019-11-03,Canada,116,36737.0,0y675KDleCZEudjoeL1sQQ
2019-11-03,Canada,117,36302.0,0e7ipj03S05BNilyu5bRzt
2019-11-03,Canada,118,36234.0,314ZkcV7oLWG8yWE7LABvH
2019-11-03,Canada,119,36001.0,6ocbgoVGwYJhOv1GgI9NsF
2019-11-03,Canada,121,35473.0,0Ryd8975WihbObpp5cPW1t
2019-11-03,Canada,122,35291.0,5p7ujcrUXASCNwRaWNHR1C
2019-11-03,Canada,127,35017.0,2iUXsYOEPhVqEBwsqP70rE
2019-11-03,Canada,128,34661.0,0u2P5u6lvoDfwTYjAADbn4
2019-11-03,Canada,129,34632.0,2Xo3rLHjXfdb4avN68aQyi
2019-11-03,Canada,130,34622.0,6zeeWid2sgw4lap2jV61PZ
2019-11-03,Canada,131,34503.0,6muOWhMh7Tf0UFUtMDBhUR
2019-11-03,Canada,132,34063.0,2NSWi83peog6gHerzlMCqU
2019-11-03,Canada,133,33917.0,6Qs4SXO9dwPj5GKvVOv8Ki
2019-11-03,Canada,134,33659.0,2xyx0o4xNOLLjBSbOOdcbA
2019-11-03,Canada,135,33278.0,3Ol2xnObFdKV9pmRD2t9x8
2019-11-03,Canada,136,33273.0,6gBFPUFcJLzWGx4lenP6h2
2019-11-03,Canada,137,33119.0,4u7EnebtmKWzUH433cf5Qv
2019-11-03,Canada,138,33077.0,7dt6x5M1jzdTEt8oCbisTK
2019-11-03,Canada,139,32977.0,4bHsxqR3GMrXTxEPLuK5ue
2019-11-03,Canada,141,32644.0,3fx31TjnwvwZIyAGHhOhA1
2019-11-03,Canada,142,32533.0,5nCthAh3jt4xKuLJAifAaR
2019-11-03,Canada,144,32038.0,67XyC1GdSkKb9sbRRkUDXS
2019-11-03,Canada,145,31954.0,5uCax9HTNlzGybIStD3vDh
2019-11-03,Canada,146,31794.0,6Hj9jySrnFppAI0sEMCZpJ
2019-11-03,Canada,147,31693.0,2P91MQbaiQOfbiz9VqhqKQ
2019-11-03,Canada,148,31307.0,4Ta3PhWmY50ZLU1uhKFKPE
2019-11-03,Canada,149,31097.0,3ee8Jmje8o58CHK66QrVC2
2019-11-03,Canada,150,30797.0,3XiNC94b4Tq1xwv70sQJGN
2019-11-03,Canada,151,30682.0,1rqqCSm0Qe4I9rUvWncaom
2019-11-03,Canada,152,30645.0,0TMGV2zMZXOILVtQLtkI3G
2019-11-03,Canada,153,30499.0,5PYQUBXc7NYeI1obMKSJK0
2019-11-03,Canada,154,30324.0,5bzaS5tAni5oUpW7bWVdtY
2019-11-03,Canada,156,30161.0,4e4fqjx0Izh4svvTef1z7e
2019-11-03,Canada,158,30089.0,4HPTladgOGcGzleMR3I0FK
2019-11-03,Canada,159,30068.0,25sgk305KZfyuqVBQIahim
2019-11-03,Canada,162,29651.0,3NkJNL3WqO1Lqc3uNDxvCN
2019-11-03,Canada,164,29410.0,7rvyVWja33WG9R97oeJAjx
2019-11-03,Canada,165,29347.0,0FZ4Dmg8jJJAPJnvBIzD9z
2019-11-03,Canada,166,29256.0,3e9HZxeyfWwjeyPAMmWSSQ
2019-11-03,Canada,167,29247.0,2kJwzbxV2ppxnQoYw4GLBZ
2019-11-03,Canada,168,29051.0,0tgVpDi06FyKpA1z0VMD4v
2019-11-03,Canada,169,28835.0,1DFD5Fotzgn6yYXkYsKiGs
2019-11-03,Canada,170,28761.0,5icOoE6VgqFKohjWWNp0Ac
2019-11-03,Canada,173,28548.0,6Nle9hKrkL1wQpwNfEkxjh
2019-11-03,Canada,174,28534.0,322tcqPhma7F6hfCeLisx0
2019-11-03,Canada,175,28356.0,7fa9MBXhVfQ8P8Df9OEbD8
2019-11-03,Canada,176,28326.0,3GJ4hzg4lrGwU51Y3VARbF
2019-11-03,Canada,177,28080.0,0TlLq3lA83rQOYtrqBqSct
2019-11-03,Canada,178,28071.0,0pqnGHJpmpxLKifKRmU6WP
2019-11-03,Canada,184,27398.0,3TTMUI5dFcbeNSDTTDY9M8
2019-11-03,Canada,185,27352.0,2xE16muNCmhZwSOv3i1d1H
2019-11-03,Canada,187,27287.0,6DCZcSspjsKoFjzjrWoCdn
2019-11-03,Canada,188,27235.0,5rU6kDNXZLXIinFezpbWbO
2019-11-03,Canada,189,27104.0,7qiZfU4dY1lWllzX7mPBI3
2019-11-03,Canada,190,26958.0,5N1o6d8zGcSZSeMFkOUQOk
2019-11-03,Canada,192,26786.0,0JP9xo3adEtGSdUEISiszL
2019-11-03,Canada,194,26532.0,1ThmUihH9dF8EV08ku5AXN
2019-11-03,Canada,195,26447.0,7m9OqQk4RVRkw9JJdeAw96
2019-11-03,Canada,196,26203.0,2BgEsaKNfHUdlh97KmvFyo
2019-11-03,Canada,197,26173.0,4SDgTLDYrJ2UrHbkRkg7MD
2019-11-03,Canada,199,26092.0,6osaMSJh9NguagEDQcZaKx
2019-11-03,Canada,200,25974.0,1zB4vmk8tFRmM9UULNzbLB
2019-07-18,Canada,1,312541.0,0TK2YIli7K1leLovkQiNik
2019-07-18,Canada,2,252302.0,6vBdBCoOhKHiYDDOcorfNo
2019-07-18,Canada,3,222440.0,5ry2OE6R2zPQFDO85XkgRb
2019-07-18,Canada,4,220600.0,70eFcWOvlMObDhURTqT4Fv
2019-07-18,Canada,5,207652.0,0hVXuCcriWRGvwMV1r5Yn9
2019-07-18,Canada,7,165437.0,6u7jPi22kF8CTQ3rb9DHE7
2019-07-18,Canada,8,156598.0,6fTt0CH2t0mdeB2N9XFG5r
2019-07-18,Canada,9,153742.0,1kBbgxAUc4HQv7cgIayIDH
2019-07-18,Canada,10,153437.0,4hPpVbbakQNv8YTHYaOJP4
2019-07-18,Canada,12,129340.0,2Fxmhks0bxGSBdJ92vM42m
2019-07-18,Canada,13,128571.0,4vUmTMuQqjdnvlZmAH61Qk
2019-07-18,Canada,14,127874.0,51Fjme0JiitpyXKuyQiCDo
2019-07-18,Canada,15,125129.0,3yNZ5r3LKfdmjoS3gkhUCT
2019-07-18,Canada,16,120416.0,3KkXRkHbMCARz0aVfEt68P
2019-07-18,Canada,18,115652.0,4wuCQX7JvAZLlrcmH4AeZF
2019-07-18,Canada,19,114573.0,6LsAAHotRLMOHfCsSfYCsz
2019-07-18,Canada,20,107714.0,7DcvwMAiqKJQD1rrdfxSDx
2019-07-18,Canada,23,102392.0,5dW1VZPcFqB4n0P08rGDgm
2019-07-18,Canada,24,102313.0,7qEHsqek33rTcFNT9PFqLf
2019-07-18,Canada,25,102141.0,6XHVuErjQ4XNm6nDPVCxVX
2019-07-18,Canada,26,100589.0,05CwHjIk71RXVU40boRMnR
2019-07-18,Canada,27,97362.0,7ILEWkpfdK6AjH2D7jppWk
2019-07-18,Canada,28,96445.0,6oJ6le65B3SEqPwMRNXWjY
2019-07-18,Canada,29,96352.0,2zjGJ0dChMR0KxBZS15aqo
2019-07-18,Canada,30,94019.0,6uFn47ACjqYkc0jADwEdj1
2019-07-18,Canada,32,93595.0,6moU77g9RQyMzHNuKEaQKq
2019-07-18,Canada,33,92671.0,0qc4QlcCxVTGyShurEv1UU
2019-07-18,Canada,34,88622.0,5PYQUBXc7NYeI1obMKSJK0
2019-07-18,Canada,35,84920.0,6MWtB6iiXyIwun0YzU6DFP
2019-07-18,Canada,36,83662.0,6TqXcAFInzjp0bODyvrWEq
2019-07-18,Canada,37,81466.0,2gwkD6igEhQbDQegRCcdoB
2019-07-18,Canada,38,81303.0,22vgEDb5hykfaTwLuskFGD
2019-07-18,Canada,39,76858.0,02itaCXOdC54J0ISjqqFAp
2019-07-18,Canada,40,76025.0,0DiDStADDVh3SvAsoJAFMk
2019-07-18,Canada,41,74724.0,53CJANUxooaqGOtdsBTh7O
2019-07-18,Canada,42,72324.0,4ak7xjvBeBOcJGWFDX9w5n
2019-07-18,Canada,44,70273.0,7FGq80cy8juXBCD2nrqdWU
2019-07-18,Canada,46,68586.0,2JvzF1RMd7lE3KmFlsyZD8
2019-07-18,Canada,47,68485.0,1wJRveJZLSb1rjhnUHQiv6
2019-07-18,Canada,48,66850.0,6ocbgoVGwYJhOv1GgI9NsF
2019-07-18,Canada,49,66704.0,2VxeLyX666F8uXCJ0dZF8B
2019-07-18,Canada,50,66391.0,1f38Gx6xQz6r4H1jGVNBJo
2019-07-18,Canada,52,65763.0,2IRZnDFmlqMuOrYOLnZZyc
2019-07-18,Canada,53,62130.0,4tNXntkAzQ5A2dfYRYGIIQ
2019-07-18,Canada,54,61810.0,6kls8cSlUyHW2BUOkDJIZE
2019-07-18,Canada,55,61259.0,56JyMaElW79S7TDWh1Zw1m
2019-07-18,Canada,57,60723.0,2dpaYNEQHiRxtZbfNsse99
2019-07-18,Canada,58,59572.0,7njKgVl3AnLflRad38o7AG
2019-07-18,Canada,60,58509.0,6Qs4SXO9dwPj5GKvVOv8Ki
2019-07-18,Canada,61,58500.0,2WyRfGeHo97VC5mP1BBSzr
2019-07-18,Canada,63,57059.0,2xLMifQCjDGFmkHkpNLD9h
2019-07-18,Canada,65,55504.0,5rU6kDNXZLXIinFezpbWbO
2019-07-18,Canada,66,55299.0,67XyC1GdSkKb9sbRRkUDXS
2019-07-18,Canada,68,53627.0,5hVghJ4KaYES3BFUATCYn0
2019-07-18,Canada,70,52674.0,5w9c2J52mkdntKOmRLeM2m
2019-07-18,Canada,71,52458.0,2x0RZdkZcD8QRI53XT4GI5
2019-07-18,Canada,73,52184.0,1DFD5Fotzgn6yYXkYsKiGs
2019-07-18,Canada,74,51782.0,7dt6x5M1jzdTEt8oCbisTK
2019-07-18,Canada,76,51499.0,3XiNC94b4Tq1xwv70sQJGN
2019-07-18,Canada,77,51437.0,5p7ujcrUXASCNwRaWNHR1C
2019-07-18,Canada,79,51276.0,5icOoE6VgqFKohjWWNp0Ac
2019-07-18,Canada,80,51200.0,2iUXsYOEPhVqEBwsqP70rE
2019-07-18,Canada,82,50699.0,6zeeWid2sgw4lap2jV61PZ
2019-07-18,Canada,85,48932.0,78QR3Wp35dqAhFEc2qAGjE
2019-07-18,Canada,86,48790.0,1rqqCSm0Qe4I9rUvWncaom
2019-07-18,Canada,87,48589.0,0vrmHPfoBadXVr2n0m1aqZ
2019-07-18,Canada,90,47822.0,25sgk305KZfyuqVBQIahim
2019-07-18,Canada,92,47586.0,3Ol2xnObFdKV9pmRD2t9x8
2019-07-18,Canada,94,47514.0,4SSnFejRGlZikf02HLewEF
2019-07-18,Canada,95,47481.0,1ZDmxwg7Lywlx68b7SsJjj
2019-07-18,Canada,96,47292.0,0e7ipj03S05BNilyu5bRzt
2019-07-18,Canada,97,47289.0,4e4fqjx0Izh4svvTef1z7e
2019-07-18,Canada,99,47002.0,285pBltuF7vW8TeWk8hdRR
2019-07-18,Canada,101,46815.0,7eBqSVxrzQZtK2mmgRG6lC
2019-07-18,Canada,104,46127.0,0u2P5u6lvoDfwTYjAADbn4
2019-07-18,Canada,107,45055.0,7K7MUBCnzgBAvMVW2RTWNs
2019-07-18,Canada,109,43823.0,36TO60sxDduIsO3xH8IcUh
2019-07-18,Canada,113,43283.0,4u7EnebtmKWzUH433cf5Qv
2019-07-18,Canada,114,43124.0,7COXchtUOMd6uIT6HvmRaI
2019-07-18,Canada,115,42846.0,2P91MQbaiQOfbiz9VqhqKQ
2019-07-18,Canada,117,42441.0,6CcJMwBtXByIz4zQLzFkKc
2019-07-18,Canada,119,41902.0,4bHsxqR3GMrXTxEPLuK5ue
2019-07-18,Canada,120,41745.0,3e9HZxeyfWwjeyPAMmWSSQ
2019-07-18,Canada,121,41719.0,4kV4N9D1iKVxx1KLvtTpjS
2019-07-18,Canada,122,41270.0,0FZ4Dmg8jJJAPJnvBIzD9z
2019-07-18,Canada,123,41267.0,2j7mcsEz4n5XxMMqqjjB6p
2019-07-18,Canada,125,40494.0,6G0FACzGN80Dj2v4ass5rq
2019-07-18,Canada,126,40318.0,6XkLPzkKzPhpr3hrvl1TUq
2019-07-18,Canada,127,40286.0,53hNIcq8OLj9OUNvQ4ulFM
2019-07-18,Canada,128,40236.0,0TlLq3lA83rQOYtrqBqSct
2019-07-18,Canada,130,39248.0,5WHTFyqSii0lmT9R21abT8
2019-07-18,Canada,131,39130.0,59ywHNwwchG4nZJMLyxSzd
2019-07-18,Canada,132,38893.0,7qiZfU4dY1lWllzX7mPBI3
2019-07-18,Canada,134,38829.0,7fa9MBXhVfQ8P8Df9OEbD8
2019-07-18,Canada,135,38638.0,79JBjIq90BrQ8Ws0pUhlzD
2019-07-18,Canada,136,38566.0,7rvyVWja33WG9R97oeJAjx
2019-07-18,Canada,137,38480.0,2tOOcDDYkh0PSjr6GwPEAJ
2019-07-18,Canada,139,38009.0,09IStsImFySgyp0pIQdqAc
2019-07-18,Canada,142,37535.0,4XiGKQqbmnMVxDzUj6j3f2
2019-07-18,Canada,143,37528.0,2xKQj6P0TgxBVaRiojP2s2
2019-07-18,Canada,144,37426.0,58q2HKrzhC3ozto2nDdN4z
2019-07-18,Canada,146,37246.0,6DCZcSspjsKoFjzjrWoCdn
2019-07-18,Canada,150,36327.0,3ee8Jmje8o58CHK66QrVC2
2019-07-18,Canada,151,36318.0,0pqnGHJpmpxLKifKRmU6WP
2019-07-18,Canada,152,36244.0,0tgVpDi06FyKpA1z0VMD4v
2019-07-18,Canada,154,35959.0,1zB4vmk8tFRmM9UULNzbLB
2019-07-18,Canada,155,35628.0,6Hj9jySrnFppAI0sEMCZpJ
2019-07-18,Canada,156,35432.0,5JEx7HbmvHQQswJCsoo9rA
2019-07-18,Canada,159,34565.0,3swc6WTsr7rl9DqQKQA55C
2019-07-18,Canada,160,34530.0,2BgEsaKNfHUdlh97KmvFyo
2019-07-18,Canada,162,34372.0,6jfEZdUJ2Yla6h7gTJgKuo
2019-07-18,Canada,163,34237.0,3M9Apu4OZfylLTFKvgEtKa
2019-07-18,Canada,164,34127.0,14mHfNsSHN0FbLftyjrV9g
2019-07-18,Canada,165,34065.0,116H0KvKr2Zl4RPuVBruDO
2019-07-18,Canada,166,34063.0,1xzBco0xcoJEDXktl7Jxrr
2019-07-18,Canada,167,34021.0,79esEXlqqmq0GPz0xQSZTV
2019-07-18,Canada,168,34011.0,4w8niZpiMy6qz1mntFA5uM
2019-07-18,Canada,169,33662.0,5uCax9HTNlzGybIStD3vDh
2019-07-18,Canada,171,32653.0,5T8EDUDqKcs6OSOwEsfqG7
2019-07-18,Canada,173,32514.0,7sO5G9EABYOXQKNPNiE9NR
2019-07-18,Canada,174,32289.0,2G7V7zsVDxg1yRsu7Ew9RJ
2019-07-18,Canada,175,31962.0,4au7FRcgZzChASRYu279xH
2019-07-18,Canada,176,31927.0,2374M0fQpWi3dLnB54qaLX
2019-07-18,Canada,177,31731.0,1rfofaqEpACxVEHIZBJe6W
2019-07-18,Canada,179,31636.0,3GJ4hzg4lrGwU51Y3VARbF
2019-07-18,Canada,180,31591.0,2qxmye6gAegTMjLKEBoR3d
2019-07-18,Canada,182,31458.0,7e89621JPkKaeDSTQ3avtg
2019-07-18,Canada,183,31440.0,1ThmUihH9dF8EV08ku5AXN
2019-07-18,Canada,189,31140.0,5vdp5UmvTsnMEMESIF2Ym7
2019-07-18,Canada,190,31130.0,5KawlOMHjWeUjQtnuRs22c
2019-07-18,Canada,191,30912.0,0JP9xo3adEtGSdUEISiszL
2019-07-18,Canada,192,30843.0,3gdewACMIVMEWVbyb8O9sY
2019-07-18,Canada,195,30546.0,7oK9VyNzrYvRFo7nQEYkWN
2019-07-18,Canada,196,30370.0,2t8yVaLvJ0RenpXUIAC52d
2019-07-18,Canada,197,30254.0,4qKcDkK6siZ7Jp1Jb4m0aL
2019-07-18,Canada,198,30197.0,7KXjTSCq5nL1LoYtL7XAwS
2019-07-18,Canada,200,30116.0,3XF5xLJHOQQRbWya6hBp7d
2019-09-14,Canada,1,260226.0,51MMC5DogGZAnHil5HQAXg
2019-09-14,Canada,2,216609.0,6v3KW9xbzN5yKLt9YKDYA2
2019-09-14,Canada,3,201189.0,3NkJNL3WqO1Lqc3uNDxvCN
2019-09-14,Canada,4,191168.0,6vBdBCoOhKHiYDDOcorfNo
2019-09-14,Canada,5,186626.0,6EOKwHETwSkZ9gW2b6ASE0
2019-09-14,Canada,6,181106.0,7C39RtGhnEw7cyf0Pyw7PV
2019-09-14,Canada,8,156717.0,6UFEJuDXQMWhL5UH5f9fUR
2019-09-14,Canada,10,147683.0,51Fjme0JiitpyXKuyQiCDo
2019-09-14,Canada,11,146219.0,7qEHsqek33rTcFNT9PFqLf
2019-09-14,Canada,14,129428.0,5ry2OE6R2zPQFDO85XkgRb
2019-09-14,Canada,15,129169.0,70eFcWOvlMObDhURTqT4Fv
2019-09-14,Canada,16,123953.0,1000nHvUdawXuUHgBod4Wv
2019-09-14,Canada,17,122436.0,2Fxmhks0bxGSBdJ92vM42m
2019-09-14,Canada,18,120694.0,0hGH0S74Eoyv6mXZcOKtdQ
2019-09-14,Canada,19,116272.0,4B7fTyj1FIPvP9tT5X3DnR
2019-09-14,Canada,21,111680.0,4hPpVbbakQNv8YTHYaOJP4
2019-09-14,Canada,22,108557.0,6V9fHiv84WlVTg7CSnIVY2
2019-09-14,Canada,23,107056.0,2YpeDb67231RjR0MgVLzsG
2019-09-14,Canada,24,106044.0,0hVXuCcriWRGvwMV1r5Yn9
2019-09-14,Canada,25,105358.0,1rgnBhdG2JDFTbYkYRZAku
2019-09-14,Canada,26,105116.0,2ve5NyzWHUbIYxL33goCX7
2019-09-14,Canada,27,100949.0,0Ryd8975WihbObpp5cPW1t
2019-09-14,Canada,28,100536.0,6XHVuErjQ4XNm6nDPVCxVX
2019-09-14,Canada,29,97521.0,3Yh9lZcWyKrK9GjbhuS0hR
2019-09-14,Canada,30,95172.0,7aiClxsDWFRQ0Kzk5KI5ku
2019-09-14,Canada,31,94437.0,6b2RcmUt1g9N9mQ3CbjX2Y
2019-09-14,Canada,32,93822.0,3s4mrPrEFFPF0LmAfutW0n
2019-09-14,Canada,33,93237.0,7LzouaWGFCy4tkXDOOnEyM
2019-09-14,Canada,34,89258.0,6alCTRgBPoeAFi2N4il9Q4
2019-09-14,Canada,38,83101.0,2xE16muNCmhZwSOv3i1d1H
2019-09-14,Canada,39,82676.0,5dW1VZPcFqB4n0P08rGDgm
2019-09-14,Canada,40,82030.0,6wo37KVqFJhtuxPTpLCcfe
2019-09-14,Canada,41,80452.0,44ADyYoY5liaRa3EOAl4uf
2019-09-14,Canada,42,79292.0,6oJ6le65B3SEqPwMRNXWjY
2019-09-14,Canada,43,79060.0,2zjGJ0dChMR0KxBZS15aqo
2019-09-14,Canada,46,76184.0,4sWuPniHClkInYAnzXAYUF
2019-09-14,Canada,48,74165.0,6uFn47ACjqYkc0jADwEdj1
2019-09-14,Canada,50,71750.0,6RRNNciQGZEXnqk8SQ9yv5
2019-09-14,Canada,51,71453.0,1GeNui6m825V8jP4uKiIaH
2019-09-14,Canada,53,70879.0,5MPPttjfGap2C6j6eKcO6J
2019-09-14,Canada,54,63995.0,6osaMSJh9NguagEDQcZaKx
2019-09-14,Canada,55,63745.0,5Z8HZM6iQMhhqyPcCGY5g9
2019-09-14,Canada,56,63346.0,2gwkD6igEhQbDQegRCcdoB
2019-09-14,Canada,58,61116.0,6TqXcAFInzjp0bODyvrWEq
2019-09-14,Canada,59,61083.0,3TLwAp3uX1nKsVxrDhNPOL
2019-09-14,Canada,60,59395.0,0rIAC4PXANcKmitJfoqmVm
2019-09-14,Canada,62,59355.0,322tcqPhma7F6hfCeLisx0
2019-09-14,Canada,63,58224.0,2xLMifQCjDGFmkHkpNLD9h
2019-09-14,Canada,64,57492.0,4vUmTMuQqjdnvlZmAH61Qk
2019-09-14,Canada,66,57229.0,6moU77g9RQyMzHNuKEaQKq
2019-09-14,Canada,67,57089.0,2IRZnDFmlqMuOrYOLnZZyc
2019-09-14,Canada,68,56949.0,22vgEDb5hykfaTwLuskFGD
2019-09-14,Canada,69,56579.0,26wLOs3ZuHJa2Ihhx6QIE6
2019-09-14,Canada,70,56375.0,2VxeLyX666F8uXCJ0dZF8B
2019-09-14,Canada,71,56287.0,1wJRveJZLSb1rjhnUHQiv6
2019-09-14,Canada,72,54538.0,36orMWv2PgvnzXsd5CJ0yL
2019-09-14,Canada,73,54365.0,5N1o6d8zGcSZSeMFkOUQOk
2019-09-14,Canada,74,53884.0,7FGq80cy8juXBCD2nrqdWU
2019-09-14,Canada,75,53465.0,3UYiU57SMiAS5LqolhHJw1
2019-09-14,Canada,76,53196.0,2JvzF1RMd7lE3KmFlsyZD8
2019-09-14,Canada,77,52434.0,2dpaYNEQHiRxtZbfNsse99
2019-09-14,Canada,78,52279.0,643PW82aBMUa1FiWi5VQY7
2019-09-14,Canada,80,51939.0,67XyC1GdSkKb9sbRRkUDXS
2019-09-14,Canada,81,51391.0,4sjiIpEv617LDXaidKioOI
2019-09-14,Canada,82,51057.0,0rFQ5cKYJ9WtHSKp9sxVYt
2019-09-14,Canada,83,49940.0,6ocbgoVGwYJhOv1GgI9NsF
2019-09-14,Canada,84,49289.0,6PYnUsNEpYC7A4BS2sjw3L
2019-09-14,Canada,87,48611.0,0DiDStADDVh3SvAsoJAFMk
2019-09-14,Canada,90,47498.0,2sqsNXfN0HtgDEgaHXiUTa
2019-09-14,Canada,93,46596.0,2ksOAxtIxY8yElEWw8RhgK
2019-09-14,Canada,94,46374.0,0e7ipj03S05BNilyu5bRzt
2019-09-14,Canada,97,45125.0,7dt6x5M1jzdTEt8oCbisTK
2019-09-14,Canada,98,45004.0,1SNiXDwSilLujcYdvfqVpT
2019-09-14,Canada,99,44976.0,1DFD5Fotzgn6yYXkYsKiGs
2019-09-14,Canada,100,44095.0,6Qs4SXO9dwPj5GKvVOv8Ki
2019-09-14,Canada,101,44020.0,78QR3Wp35dqAhFEc2qAGjE
2019-09-14,Canada,102,43871.0,285pBltuF7vW8TeWk8hdRR
2019-09-14,Canada,103,43204.0,2iUXsYOEPhVqEBwsqP70rE
2019-09-14,Canada,104,43178.0,5p7ujcrUXASCNwRaWNHR1C
2019-09-14,Canada,107,42258.0,6zeeWid2sgw4lap2jV61PZ
2019-09-14,Canada,108,42182.0,3Ol2xnObFdKV9pmRD2t9x8
2019-09-14,Canada,109,41868.0,4bHsxqR3GMrXTxEPLuK5ue
2019-09-14,Canada,110,41782.0,4SDgTLDYrJ2UrHbkRkg7MD
2019-09-14,Canada,111,41636.0,7eBqSVxrzQZtK2mmgRG6lC
2019-09-14,Canada,112,41380.0,4e4fqjx0Izh4svvTef1z7e
2019-09-14,Canada,113,40981.0,02itaCXOdC54J0ISjqqFAp
2019-09-14,Canada,115,40496.0,5PYQUBXc7NYeI1obMKSJK0
2019-09-14,Canada,117,39797.0,6cjSh516BbrNUs213jDAGm
2019-09-14,Canada,118,39764.0,4u7EnebtmKWzUH433cf5Qv
2019-09-14,Canada,120,39301.0,3XiNC94b4Tq1xwv70sQJGN
2019-09-14,Canada,121,39230.0,0u2P5u6lvoDfwTYjAADbn4
2019-09-14,Canada,122,39133.0,5icOoE6VgqFKohjWWNp0Ac
2019-09-14,Canada,123,38884.0,1rqqCSm0Qe4I9rUvWncaom
2019-09-14,Canada,125,38375.0,5rU6kDNXZLXIinFezpbWbO
2019-09-14,Canada,126,38336.0,25sgk305KZfyuqVBQIahim
2019-09-14,Canada,127,38153.0,2B9wgj9XzbJZLty03PRbVo
2019-09-14,Canada,131,37589.0,7rvyVWja33WG9R97oeJAjx
2019-09-14,Canada,133,37131.0,2P91MQbaiQOfbiz9VqhqKQ
2019-09-14,Canada,134,37071.0,2tnVG71enUj33Ic2nFN6kZ
2019-09-14,Canada,135,36792.0,6gBFPUFcJLzWGx4lenP6h2
2019-09-14,Canada,136,36374.0,0FZ4Dmg8jJJAPJnvBIzD9z
2019-09-14,Canada,138,35361.0,3e9HZxeyfWwjeyPAMmWSSQ
2019-09-14,Canada,140,35339.0,0TlLq3lA83rQOYtrqBqSct
2019-09-14,Canada,142,35153.0,3yNZ5r3LKfdmjoS3gkhUCT
2019-09-14,Canada,143,34909.0,3707IBa4HnS3zDDoWfeUBl
2019-09-14,Canada,145,34635.0,43rA71bccXFGD4C8GOpIlN
2019-09-14,Canada,146,34248.0,7K7MUBCnzgBAvMVW2RTWNs
2019-09-14,Canada,147,34136.0,3ee8Jmje8o58CHK66QrVC2
2019-09-14,Canada,148,33828.0,5hVghJ4KaYES3BFUATCYn0
2019-09-14,Canada,149,33764.0,4wuCQX7JvAZLlrcmH4AeZF
2019-09-14,Canada,150,33636.0,7fa9MBXhVfQ8P8Df9OEbD8
2019-09-14,Canada,152,33294.0,4SSnFejRGlZikf02HLewEF
2019-09-14,Canada,153,33262.0,5uCax9HTNlzGybIStD3vDh
2019-09-14,Canada,154,33262.0,6DCZcSspjsKoFjzjrWoCdn
2019-09-14,Canada,155,33233.0,6IRdLKIyS4p7XNiP8r6rsx
2019-09-14,Canada,158,32683.0,0pqnGHJpmpxLKifKRmU6WP
2019-09-14,Canada,159,32682.0,7f1zjZG77S891Uv4O68yfk
2019-09-14,Canada,160,32422.0,4kV4N9D1iKVxx1KLvtTpjS
2019-09-14,Canada,161,32411.0,7qiZfU4dY1lWllzX7mPBI3
2019-09-14,Canada,162,32316.0,0tgVpDi06FyKpA1z0VMD4v
2019-09-14,Canada,163,32075.0,58q2HKrzhC3ozto2nDdN4z
2019-09-14,Canada,164,32039.0,5pAbCxt9e3f81lOmjIXwzd
2019-09-14,Canada,165,31993.0,1zB4vmk8tFRmM9UULNzbLB
2019-09-14,Canada,167,31834.0,6Hj9jySrnFppAI0sEMCZpJ
2019-09-14,Canada,170,31686.0,2xKQj6P0TgxBVaRiojP2s2
2019-09-14,Canada,171,31528.0,1tNJrcVe6gwLEiZCtprs1u
2019-09-14,Canada,173,31426.0,1xzBco0xcoJEDXktl7Jxrr
2019-09-14,Canada,175,31015.0,5JEx7HbmvHQQswJCsoo9rA
2019-09-14,Canada,176,30905.0,6hLkeOMrhZ2CMLBp2of576
2019-09-14,Canada,178,30787.0,6kls8cSlUyHW2BUOkDJIZE
2019-09-14,Canada,179,30764.0,2374M0fQpWi3dLnB54qaLX
2019-09-14,Canada,180,30577.0,09IStsImFySgyp0pIQdqAc
2019-09-14,Canada,182,30470.0,4Of7rzpRpV1mWRbhp5rAqG
2019-09-14,Canada,184,30337.0,0JP9xo3adEtGSdUEISiszL
2019-09-14,Canada,185,30252.0,7e89621JPkKaeDSTQ3avtg
2019-09-14,Canada,186,30208.0,1rfofaqEpACxVEHIZBJe6W
2019-09-14,Canada,187,30131.0,3GJ4hzg4lrGwU51Y3VARbF
2019-09-14,Canada,188,30107.0,2BgEsaKNfHUdlh97KmvFyo
2019-09-14,Canada,189,30060.0,7sO5G9EABYOXQKNPNiE9NR
2019-09-14,Canada,190,30030.0,3gdewACMIVMEWVbyb8O9sY
2019-09-14,Canada,191,29970.0,7COXchtUOMd6uIT6HvmRaI
2019-09-14,Canada,194,29655.0,3swc6WTsr7rl9DqQKQA55C
2019-09-14,Canada,196,29522.0,5T8EDUDqKcs6OSOwEsfqG7
2019-09-14,Canada,197,29485.0,14mHfNsSHN0FbLftyjrV9g
2019-09-14,Canada,200,28968.0,1ThmUihH9dF8EV08ku5AXN
2019-08-12,Canada,1,231773.0,6v3KW9xbzN5yKLt9YKDYA2
2019-08-12,Canada,2,214115.0,1kBbgxAUc4HQv7cgIayIDH
2019-08-12,Canada,3,168599.0,6vBdBCoOhKHiYDDOcorfNo
2019-08-12,Canada,4,160026.0,5ry2OE6R2zPQFDO85XkgRb
2019-08-12,Canada,5,156132.0,0Ryd8975WihbObpp5cPW1t
2019-08-12,Canada,6,143322.0,70eFcWOvlMObDhURTqT4Fv
2019-08-12,Canada,7,132374.0,0hVXuCcriWRGvwMV1r5Yn9
2019-08-12,Canada,9,126694.0,51Fjme0JiitpyXKuyQiCDo
2019-08-12,Canada,10,126198.0,2YpeDb67231RjR0MgVLzsG
2019-08-12,Canada,11,120660.0,6XHVuErjQ4XNm6nDPVCxVX
2019-08-12,Canada,12,119174.0,4hPpVbbakQNv8YTHYaOJP4
2019-08-12,Canada,13,113134.0,7qEHsqek33rTcFNT9PFqLf
2019-08-12,Canada,14,112903.0,6fTt0CH2t0mdeB2N9XFG5r
2019-08-12,Canada,15,102929.0,2Fxmhks0bxGSBdJ92vM42m
2019-08-12,Canada,16,99293.0,3KkXRkHbMCARz0aVfEt68P
2019-08-12,Canada,17,94383.0,6b2RcmUt1g9N9mQ3CbjX2Y
2019-08-12,Canada,18,93652.0,5N1o6d8zGcSZSeMFkOUQOk
2019-08-12,Canada,19,92637.0,5dW1VZPcFqB4n0P08rGDgm
2019-08-12,Canada,20,91421.0,6wo37KVqFJhtuxPTpLCcfe
2019-08-12,Canada,22,85898.0,7DcvwMAiqKJQD1rrdfxSDx
2019-08-12,Canada,26,77203.0,6moU77g9RQyMzHNuKEaQKq
2019-08-12,Canada,27,76105.0,6oJ6le65B3SEqPwMRNXWjY
2019-08-12,Canada,28,76073.0,6uFn47ACjqYkc0jADwEdj1
2019-08-12,Canada,30,74913.0,6TqXcAFInzjp0bODyvrWEq
2019-08-12,Canada,31,74715.0,3yNZ5r3LKfdmjoS3gkhUCT
2019-08-12,Canada,32,71702.0,322tcqPhma7F6hfCeLisx0
2019-08-12,Canada,33,70595.0,2gwkD6igEhQbDQegRCcdoB
2019-08-12,Canada,34,68198.0,6osaMSJh9NguagEDQcZaKx
2019-08-12,Canada,37,65643.0,6PYnUsNEpYC7A4BS2sjw3L
2019-08-12,Canada,38,64840.0,6MWtB6iiXyIwun0YzU6DFP
2019-08-12,Canada,39,64573.0,0yYwS7CXKIPC4kWPvZQfsT
2019-08-12,Canada,40,64263.0,0qc4QlcCxVTGyShurEv1UU
2019-08-12,Canada,42,63780.0,2zjGJ0dChMR0KxBZS15aqo
2019-08-12,Canada,43,63230.0,22vgEDb5hykfaTwLuskFGD
2019-08-12,Canada,45,60042.0,2VxeLyX666F8uXCJ0dZF8B
2019-08-12,Canada,47,59003.0,67XyC1GdSkKb9sbRRkUDXS
2019-08-12,Canada,48,57733.0,2ksOAxtIxY8yElEWw8RhgK
2019-08-12,Canada,49,56223.0,7FGq80cy8juXBCD2nrqdWU
2019-08-12,Canada,50,56054.0,1wJRveJZLSb1rjhnUHQiv6
2019-08-12,Canada,51,55932.0,5PYQUBXc7NYeI1obMKSJK0
2019-08-12,Canada,52,55924.0,4wuCQX7JvAZLlrcmH4AeZF
2019-08-12,Canada,55,55113.0,2dpaYNEQHiRxtZbfNsse99
2019-08-12,Canada,56,54359.0,2IRZnDFmlqMuOrYOLnZZyc
2019-08-12,Canada,57,54299.0,2JvzF1RMd7lE3KmFlsyZD8
2019-08-12,Canada,58,53935.0,6ocbgoVGwYJhOv1GgI9NsF
2019-08-12,Canada,60,52758.0,6kls8cSlUyHW2BUOkDJIZE
2019-08-12,Canada,61,52733.0,1rgnBhdG2JDFTbYkYRZAku
2019-08-12,Canada,62,52619.0,4vUmTMuQqjdnvlZmAH61Qk
2019-08-12,Canada,64,51850.0,05CwHjIk71RXVU40boRMnR
2019-08-12,Canada,65,51788.0,02itaCXOdC54J0ISjqqFAp
2019-08-12,Canada,68,49945.0,1DFD5Fotzgn6yYXkYsKiGs
2019-08-12,Canada,71,48491.0,2xLMifQCjDGFmkHkpNLD9h
2019-08-12,Canada,72,47863.0,01Qb6dN5suQNu87VJ1mIpf
2019-08-12,Canada,73,47465.0,6zeeWid2sgw4lap2jV61PZ
2019-08-12,Canada,74,47235.0,4tNXntkAzQ5A2dfYRYGIIQ
2019-08-12,Canada,75,46599.0,6Qs4SXO9dwPj5GKvVOv8Ki
2019-08-12,Canada,76,44947.0,7dt6x5M1jzdTEt8oCbisTK
2019-08-12,Canada,77,44608.0,0DiDStADDVh3SvAsoJAFMk
2019-08-12,Canada,79,43932.0,5icOoE6VgqFKohjWWNp0Ac
2019-08-12,Canada,80,43868.0,5rU6kDNXZLXIinFezpbWbO
2019-08-12,Canada,81,43616.0,5p7ujcrUXASCNwRaWNHR1C
2019-08-12,Canada,82,43432.0,78QR3Wp35dqAhFEc2qAGjE
2019-08-12,Canada,83,43196.0,2iUXsYOEPhVqEBwsqP70rE
2019-08-12,Canada,84,43169.0,3XiNC94b4Tq1xwv70sQJGN
2019-08-12,Canada,86,42293.0,285pBltuF7vW8TeWk8hdRR
2019-08-12,Canada,87,42158.0,0u2P5u6lvoDfwTYjAADbn4
2019-08-12,Canada,88,42140.0,3Ol2xnObFdKV9pmRD2t9x8
2019-08-12,Canada,89,41729.0,4e4fqjx0Izh4svvTef1z7e
2019-08-12,Canada,91,41377.0,1rqqCSm0Qe4I9rUvWncaom
2019-08-12,Canada,92,41334.0,0e7ipj03S05BNilyu5bRzt
2019-08-12,Canada,95,40741.0,7eBqSVxrzQZtK2mmgRG6lC
2019-08-12,Canada,98,40279.0,2x0RZdkZcD8QRI53XT4GI5
2019-08-12,Canada,99,40165.0,25sgk305KZfyuqVBQIahim
2019-08-12,Canada,101,39419.0,5hVghJ4KaYES3BFUATCYn0
2019-08-12,Canada,102,39374.0,4u7EnebtmKWzUH433cf5Qv
2019-08-12,Canada,103,38528.0,4bHsxqR3GMrXTxEPLuK5ue
2019-08-12,Canada,106,37648.0,4SSnFejRGlZikf02HLewEF
2019-08-12,Canada,108,37262.0,7rvyVWja33WG9R97oeJAjx
2019-08-12,Canada,109,37121.0,7K7MUBCnzgBAvMVW2RTWNs
2019-08-12,Canada,110,37073.0,7ILEWkpfdK6AjH2D7jppWk
2019-08-12,Canada,111,36955.0,4ak7xjvBeBOcJGWFDX9w5n
2019-08-12,Canada,112,36906.0,2P91MQbaiQOfbiz9VqhqKQ
2019-08-12,Canada,116,36095.0,6sq5mqtS3jwJjvBHALknJH
2019-08-12,Canada,118,35404.0,0TlLq3lA83rQOYtrqBqSct
2019-08-12,Canada,119,35343.0,3e9HZxeyfWwjeyPAMmWSSQ
2019-08-12,Canada,120,35140.0,1opARDDYaOeE1QUdwXmBGu
2019-08-12,Canada,121,35132.0,6CcJMwBtXByIz4zQLzFkKc
2019-08-12,Canada,122,35099.0,4kV4N9D1iKVxx1KLvtTpjS
2019-08-12,Canada,127,34527.0,0FZ4Dmg8jJJAPJnvBIzD9z
2019-08-12,Canada,129,33937.0,7fa9MBXhVfQ8P8Df9OEbD8
2019-08-12,Canada,130,33480.0,3ee8Jmje8o58CHK66QrVC2
2019-08-12,Canada,132,33258.0,6l7lX8hJXVIUyPrTaabpqk
2019-08-12,Canada,134,32859.0,09IStsImFySgyp0pIQdqAc
2019-08-12,Canada,135,32836.0,5WHTFyqSii0lmT9R21abT8
2019-08-12,Canada,136,32537.0,7qiZfU4dY1lWllzX7mPBI3
2019-08-12,Canada,137,32383.0,6DCZcSspjsKoFjzjrWoCdn
2019-08-12,Canada,139,32182.0,7COXchtUOMd6uIT6HvmRaI
2019-08-12,Canada,140,31923.0,58q2HKrzhC3ozto2nDdN4z
2019-08-12,Canada,141,31916.0,5uCax9HTNlzGybIStD3vDh
2019-08-12,Canada,144,31734.0,1zB4vmk8tFRmM9UULNzbLB
2019-08-12,Canada,146,31558.0,0pqnGHJpmpxLKifKRmU6WP
2019-08-12,Canada,148,31421.0,2374M0fQpWi3dLnB54qaLX
2019-08-12,Canada,151,31191.0,3GJ4hzg4lrGwU51Y3VARbF
2019-08-12,Canada,152,31131.0,2tOOcDDYkh0PSjr6GwPEAJ
2019-08-12,Canada,153,31097.0,5lw8Mgb4LyhriPIC86gV6e
2019-08-12,Canada,154,31055.0,6Hj9jySrnFppAI0sEMCZpJ
2019-08-12,Canada,155,30971.0,0tgVpDi06FyKpA1z0VMD4v
2019-08-12,Canada,156,30957.0,0oVxGuRMnawFgA8aduocfc
2019-08-12,Canada,157,30942.0,5w9c2J52mkdntKOmRLeM2m
2019-08-12,Canada,159,30776.0,5i2JGF65pHKSfMEjSMrBC3
2019-08-12,Canada,161,30474.0,5T8EDUDqKcs6OSOwEsfqG7
2019-08-12,Canada,162,30469.0,5JEx7HbmvHQQswJCsoo9rA
2019-08-12,Canada,164,30241.0,3swc6WTsr7rl9DqQKQA55C
2019-08-12,Canada,166,30037.0,1tNJrcVe6gwLEiZCtprs1u
2019-08-12,Canada,167,29906.0,79esEXlqqmq0GPz0xQSZTV
2019-08-12,Canada,170,29745.0,2xKQj6P0TgxBVaRiojP2s2
2019-08-12,Canada,171,29628.0,6jfEZdUJ2Yla6h7gTJgKuo
2019-08-12,Canada,172,29564.0,2BgEsaKNfHUdlh97KmvFyo
2019-08-12,Canada,174,29551.0,2qxmye6gAegTMjLKEBoR3d
2019-08-12,Canada,175,29492.0,6UjZ2Yx2g2a52XxiA8ONxZ
2019-08-12,Canada,176,29424.0,14mHfNsSHN0FbLftyjrV9g
2019-08-12,Canada,177,29387.0,116H0KvKr2Zl4RPuVBruDO
2019-08-12,Canada,178,29292.0,1xzBco0xcoJEDXktl7Jxrr
2019-08-12,Canada,179,29248.0,5Z3GHaZ6ec9bsiI5BenrbY
2019-08-12,Canada,180,29243.0,1ThmUihH9dF8EV08ku5AXN
2019-08-12,Canada,182,29223.0,7oK9VyNzrYvRFo7nQEYkWN
2019-08-12,Canada,183,29122.0,7sO5G9EABYOXQKNPNiE9NR
2019-08-12,Canada,185,28905.0,7f1zjZG77S891Uv4O68yfk
2019-08-12,Canada,188,28672.0,36TO60sxDduIsO3xH8IcUh
2019-08-12,Canada,191,28388.0,7tbyiwnLhtKYXNMjCZ60BT
2019-08-12,Canada,192,28366.0,5vdp5UmvTsnMEMESIF2Ym7
2019-08-12,Canada,194,28345.0,1rfofaqEpACxVEHIZBJe6W
2019-08-12,Canada,195,28223.0,2G7V7zsVDxg1yRsu7Ew9RJ
2019-08-12,Canada,197,28183.0,7e89621JPkKaeDSTQ3avtg
2019-08-12,Canada,198,28123.0,4Of7rzpRpV1mWRbhp5rAqG
2019-08-12,Canada,199,28046.0,0JP9xo3adEtGSdUEISiszL
2019-10-12,Canada,1,303735.0,3eekarcy7kvN4yt5ZFzltW
2019-10-12,Canada,2,200442.0,21jGcNKet2qwijlDFuPiPb
2019-10-12,Canada,3,181418.0,2wrJq5XKLnmhRXHIAf9xBa
2019-10-12,Canada,4,173715.0,6Gg1gjgKi2AK4e0qzsR7sd
2019-10-12,Canada,5,157146.0,1rgnBhdG2JDFTbYkYRZAku
2019-10-12,Canada,6,154423.0,2plLJpUcYPFrl1sW2pMG63
2019-10-12,Canada,7,153542.0,7qEHsqek33rTcFNT9PFqLf
2019-10-12,Canada,8,147887.0,6v3KW9xbzN5yKLt9YKDYA2
2019-10-12,Canada,9,134640.0,7aiClxsDWFRQ0Kzk5KI5ku
2019-10-12,Canada,10,132392.0,1lOe9qE0vR9zwWQAOk6CoO
2019-10-12,Canada,11,127627.0,2b8fOow8UzyDFAE27YhOZM
2019-10-12,Canada,12,125609.0,51Fjme0JiitpyXKuyQiCDo
2019-10-12,Canada,14,116362.0,7CZyCXKG6d5ALeq41sLzbw
2019-10-12,Canada,15,113702.0,4B7fTyj1FIPvP9tT5X3DnR
2019-10-12,Canada,16,111710.0,70eFcWOvlMObDhURTqT4Fv
2019-10-12,Canada,17,105471.0,6vBdBCoOhKHiYDDOcorfNo
2019-10-12,Canada,18,105342.0,5ry2OE6R2zPQFDO85XkgRb
2019-10-12,Canada,19,103543.0,1000nHvUdawXuUHgBod4Wv
2019-10-12,Canada,20,102987.0,4sWuPniHClkInYAnzXAYUF
2019-10-12,Canada,21,102948.0,2Fxmhks0bxGSBdJ92vM42m
2019-10-12,Canada,22,102232.0,0RiRZpuVRbi7oqRdSMwhQY
2019-10-12,Canada,23,101684.0,4sjiIpEv617LDXaidKioOI
2019-10-12,Canada,24,99343.0,3Yh9lZcWyKrK9GjbhuS0hR
2019-10-12,Canada,26,90637.0,5Z8HZM6iQMhhqyPcCGY5g9
2019-10-12,Canada,27,88627.0,7x9nXsowok1JszkVztI5NI
2019-10-12,Canada,28,87850.0,5hDAT527wXWNBnJlujhuUs
2019-10-12,Canada,29,87781.0,2YpeDb67231RjR0MgVLzsG
2019-10-12,Canada,30,87725.0,0hVXuCcriWRGvwMV1r5Yn9
2019-10-12,Canada,31,86339.0,0RLLvYBopDwooCyvnTwgYu
2019-10-12,Canada,32,86168.0,7LzouaWGFCy4tkXDOOnEyM
2019-10-12,Canada,33,83958.0,4hPpVbbakQNv8YTHYaOJP4
2019-10-12,Canada,34,83843.0,4vUmTMuQqjdnvlZmAH61Qk
2019-10-12,Canada,35,83695.0,6b2RcmUt1g9N9mQ3CbjX2Y
2019-10-12,Canada,37,76583.0,6XHVuErjQ4XNm6nDPVCxVX
2019-10-12,Canada,38,76482.0,6Ozh9Ok6h4Oi1wUSLtBseN
2019-10-12,Canada,39,75894.0,6V9fHiv84WlVTg7CSnIVY2
2019-10-12,Canada,40,73057.0,6wo37KVqFJhtuxPTpLCcfe
2019-10-12,Canada,41,72565.0,0c7K73roy6RW4ebDkf4yGh
2019-10-12,Canada,42,71184.0,3NkJNL3WqO1Lqc3uNDxvCN
2019-10-12,Canada,43,70377.0,3s4mrPrEFFPF0LmAfutW0n
2019-10-12,Canada,46,66877.0,6oJ6le65B3SEqPwMRNXWjY
2019-10-12,Canada,48,65816.0,6uFn47ACjqYkc0jADwEdj1
2019-10-12,Canada,49,65493.0,2tnVG71enUj33Ic2nFN6kZ
2019-10-12,Canada,50,61565.0,2gwkD6igEhQbDQegRCcdoB
2019-10-12,Canada,51,60722.0,0fySG6A6qLE8IvDpayb5bM
2019-10-12,Canada,53,59876.0,6moU77g9RQyMzHNuKEaQKq
2019-10-12,Canada,54,58981.0,0Ryd8975WihbObpp5cPW1t
2019-10-12,Canada,55,58679.0,6RRNNciQGZEXnqk8SQ9yv5
2019-10-12,Canada,58,58210.0,0rFQ5cKYJ9WtHSKp9sxVYt
2019-10-12,Canada,61,57880.0,5aUSEPNd3m5xliFK4pn5mU
2019-10-12,Canada,63,56999.0,735RSTb2xbtWbDtKD9XDYi
2019-10-12,Canada,64,56565.0,2VxeLyX666F8uXCJ0dZF8B
2019-10-12,Canada,65,55839.0,2xLMifQCjDGFmkHkpNLD9h
2019-10-12,Canada,66,53995.0,4fwo6czG5nvOQMzhOto1ya
2019-10-12,Canada,67,53798.0,1wJRveJZLSb1rjhnUHQiv6
2019-10-12,Canada,68,53590.0,22vgEDb5hykfaTwLuskFGD
2019-10-12,Canada,69,53557.0,5MPPttjfGap2C6j6eKcO6J
2019-10-12,Canada,71,52721.0,2zjGJ0dChMR0KxBZS15aqo
2019-10-12,Canada,72,52504.0,6TqXcAFInzjp0bODyvrWEq
2019-10-12,Canada,74,51868.0,2IRZnDFmlqMuOrYOLnZZyc
2019-10-12,Canada,76,51070.0,1GeNui6m825V8jP4uKiIaH
2019-10-12,Canada,77,50850.0,2JvzF1RMd7lE3KmFlsyZD8
2019-10-12,Canada,78,50742.0,0DiDStADDVh3SvAsoJAFMk
2019-10-12,Canada,79,50098.0,26wLOs3ZuHJa2Ihhx6QIE6
2019-10-12,Canada,80,49824.0,1iQDltZqI7BXnHrFy4Qo1k
2019-10-12,Canada,81,49721.0,2dpaYNEQHiRxtZbfNsse99
2019-10-12,Canada,82,49638.0,7FGq80cy8juXBCD2nrqdWU
2019-10-12,Canada,83,48461.0,3cphb8kdsjElYR7r5icK3H
2019-10-12,Canada,84,48257.0,4Of7rzpRpV1mWRbhp5rAqG
2019-10-12,Canada,86,47570.0,0rIAC4PXANcKmitJfoqmVm
2019-10-12,Canada,87,47538.0,1SNiXDwSilLujcYdvfqVpT
2019-10-12,Canada,88,47263.0,322tcqPhma7F6hfCeLisx0
2019-10-12,Canada,90,45514.0,46D0hYb1B7qiU33VtXt21W
2019-10-12,Canada,92,44720.0,6klLvorLoo1sxvZcjJIY8I
2019-10-12,Canada,95,44145.0,0e7ipj03S05BNilyu5bRzt
2019-10-12,Canada,96,43940.0,6ocbgoVGwYJhOv1GgI9NsF
2019-10-12,Canada,98,43360.0,78QR3Wp35dqAhFEc2qAGjE
2019-10-12,Canada,100,43200.0,285pBltuF7vW8TeWk8hdRR
2019-10-12,Canada,102,42487.0,2xE16muNCmhZwSOv3i1d1H
2019-10-12,Canada,103,42393.0,0y675KDleCZEudjoeL1sQQ
2019-10-12,Canada,104,41879.0,36orMWv2PgvnzXsd5CJ0yL
2019-10-12,Canada,105,41408.0,3QzAOrNlsabgbMwlZt7TAY
2019-10-12,Canada,107,41265.0,40nPimvmG05WYS7983bawZ
2019-10-12,Canada,108,41225.0,7dt6x5M1jzdTEt8oCbisTK
2019-10-12,Canada,109,41136.0,6zeeWid2sgw4lap2jV61PZ
2019-10-12,Canada,110,40794.0,5p7ujcrUXASCNwRaWNHR1C
2019-10-12,Canada,111,40705.0,2iUXsYOEPhVqEBwsqP70rE
2019-10-12,Canada,112,40664.0,7eBqSVxrzQZtK2mmgRG6lC
2019-10-12,Canada,113,40594.0,4bHsxqR3GMrXTxEPLuK5ue
2019-10-12,Canada,115,40181.0,67XyC1GdSkKb9sbRRkUDXS
2019-10-12,Canada,116,40132.0,4Ta3PhWmY50ZLU1uhKFKPE
2019-10-12,Canada,117,40003.0,4u7EnebtmKWzUH433cf5Qv
2019-10-12,Canada,118,39948.0,6Qs4SXO9dwPj5GKvVOv8Ki
2019-10-12,Canada,119,39814.0,2xyx0o4xNOLLjBSbOOdcbA
2019-10-12,Canada,120,39580.0,4e4fqjx0Izh4svvTef1z7e
2019-10-12,Canada,121,38762.0,6gBFPUFcJLzWGx4lenP6h2
2019-10-12,Canada,123,38429.0,3TTMUI5dFcbeNSDTTDY9M8
2019-10-12,Canada,127,38021.0,0u2P5u6lvoDfwTYjAADbn4
2019-10-12,Canada,128,37986.0,1DFD5Fotzgn6yYXkYsKiGs
2019-10-12,Canada,130,37962.0,6osaMSJh9NguagEDQcZaKx
2019-10-12,Canada,131,37878.0,3Ol2xnObFdKV9pmRD2t9x8
2019-10-12,Canada,133,37602.0,5PYQUBXc7NYeI1obMKSJK0
2019-10-12,Canada,135,36906.0,1rqqCSm0Qe4I9rUvWncaom
2019-10-12,Canada,137,36681.0,2P91MQbaiQOfbiz9VqhqKQ
2019-10-12,Canada,138,36606.0,4SDgTLDYrJ2UrHbkRkg7MD
2019-10-12,Canada,139,35972.0,25sgk305KZfyuqVBQIahim
2019-10-12,Canada,141,35639.0,5icOoE6VgqFKohjWWNp0Ac
2019-10-12,Canada,142,35465.0,3XiNC94b4Tq1xwv70sQJGN
2019-10-12,Canada,146,34684.0,5rU6kDNXZLXIinFezpbWbO
2019-10-12,Canada,147,34477.0,5uCax9HTNlzGybIStD3vDh
2019-10-12,Canada,149,33859.0,3GJ4hzg4lrGwU51Y3VARbF
2019-10-12,Canada,151,33654.0,0FZ4Dmg8jJJAPJnvBIzD9z
2019-10-12,Canada,152,33488.0,7rvyVWja33WG9R97oeJAjx
2019-10-12,Canada,153,33409.0,3ee8Jmje8o58CHK66QrVC2
2019-10-12,Canada,154,33362.0,7fa9MBXhVfQ8P8Df9OEbD8
2019-10-12,Canada,155,33361.0,0tgVpDi06FyKpA1z0VMD4v
2019-10-12,Canada,156,33295.0,5N1o6d8zGcSZSeMFkOUQOk
2019-10-12,Canada,158,33179.0,7qiZfU4dY1lWllzX7mPBI3
2019-10-12,Canada,160,32717.0,0pqnGHJpmpxLKifKRmU6WP
2019-10-12,Canada,161,32378.0,0TlLq3lA83rQOYtrqBqSct
2019-10-12,Canada,162,32339.0,6DCZcSspjsKoFjzjrWoCdn
2019-10-12,Canada,163,31973.0,3e9HZxeyfWwjeyPAMmWSSQ
2019-10-12,Canada,165,31223.0,1tNJrcVe6gwLEiZCtprs1u
2019-10-12,Canada,166,31219.0,7K7MUBCnzgBAvMVW2RTWNs
2019-10-12,Canada,169,31010.0,3gdewACMIVMEWVbyb8O9sY
2019-10-12,Canada,170,30952.0,3yNZ5r3LKfdmjoS3gkhUCT
2019-10-12,Canada,172,30846.0,1zB4vmk8tFRmM9UULNzbLB
2019-10-12,Canada,173,30636.0,6Hj9jySrnFppAI0sEMCZpJ
2019-10-12,Canada,174,30529.0,4SSnFejRGlZikf02HLewEF
2019-10-12,Canada,176,30337.0,1qbXrxctv75pm1lWCn6Zw3
2019-10-12,Canada,178,30224.0,2374M0fQpWi3dLnB54qaLX
2019-10-12,Canada,179,30140.0,2BgEsaKNfHUdlh97KmvFyo
2019-10-12,Canada,180,29825.0,7e89621JPkKaeDSTQ3avtg
2019-10-12,Canada,182,29710.0,4wuCQX7JvAZLlrcmH4AeZF
2019-10-12,Canada,183,29687.0,0TMGV2zMZXOILVtQLtkI3G
2019-10-12,Canada,187,29518.0,7sO5G9EABYOXQKNPNiE9NR
2019-10-12,Canada,188,29439.0,58q2HKrzhC3ozto2nDdN4z
2019-10-12,Canada,190,29341.0,2B9wgj9XzbJZLty03PRbVo
2019-10-12,Canada,191,29319.0,6kls8cSlUyHW2BUOkDJIZE
2019-10-12,Canada,192,29306.0,0JP9xo3adEtGSdUEISiszL
2019-10-12,Canada,193,29210.0,3yrSvpt2l1xhsV9Em88Pul
2019-10-12,Canada,195,29188.0,5pAbCxt9e3f81lOmjIXwzd
2019-10-12,Canada,196,29164.0,1xzBco0xcoJEDXktl7Jxrr
2019-10-12,Canada,197,29111.0,44ADyYoY5liaRa3EOAl4uf
2019-10-12,Canada,198,29105.0,5lw8Mgb4LyhriPIC86gV6e
2019-06-30,Canada,1,330333.0,0TK2YIli7K1leLovkQiNik
2019-06-30,Canada,2,270859.0,5ry2OE6R2zPQFDO85XkgRb
2019-06-30,Canada,3,220380.0,6u7jPi22kF8CTQ3rb9DHE7
2019-06-30,Canada,4,198656.0,4evmHXcjt3bTUHD1cvny97
2019-06-30,Canada,5,195414.0,3HVWdVOQ0ZA45FuZGSfvns
2019-06-30,Canada,6,182503.0,2Fxmhks0bxGSBdJ92vM42m
2019-06-30,Canada,7,165911.0,6fTt0CH2t0mdeB2N9XFG5r
2019-06-30,Canada,9,143445.0,1kBbgxAUc4HQv7cgIayIDH
2019-06-30,Canada,10,143105.0,4hPpVbbakQNv8YTHYaOJP4
2019-06-30,Canada,11,132668.0,6XHVuErjQ4XNm6nDPVCxVX
2019-06-30,Canada,12,122923.0,6LsAAHotRLMOHfCsSfYCsz
2019-06-30,Canada,13,118747.0,3KkXRkHbMCARz0aVfEt68P
2019-06-30,Canada,14,116734.0,7DcvwMAiqKJQD1rrdfxSDx
2019-06-30,Canada,17,112258.0,7Feaw9WAEREY0DUOSXJLOM
2019-06-30,Canada,18,111410.0,7ILEWkpfdK6AjH2D7jppWk
2019-06-30,Canada,19,110051.0,05CwHjIk71RXVU40boRMnR
2019-06-30,Canada,20,106680.0,6moU77g9RQyMzHNuKEaQKq
2019-06-30,Canada,21,106358.0,5PYQUBXc7NYeI1obMKSJK0
2019-06-30,Canada,23,99565.0,6uFn47ACjqYkc0jADwEdj1
2019-06-30,Canada,24,98987.0,53CJANUxooaqGOtdsBTh7O
2019-06-30,Canada,26,91121.0,6MWtB6iiXyIwun0YzU6DFP
2019-06-30,Canada,27,88984.0,6oJ6le65B3SEqPwMRNXWjY
2019-06-30,Canada,28,87879.0,0DiDStADDVh3SvAsoJAFMk
2019-06-30,Canada,29,86463.0,6TqXcAFInzjp0bODyvrWEq
2019-06-30,Canada,30,85785.0,4ak7xjvBeBOcJGWFDX9w5n
2019-06-30,Canada,31,85200.0,22vgEDb5hykfaTwLuskFGD
2019-06-30,Canada,32,79766.0,2gwkD6igEhQbDQegRCcdoB
2019-06-30,Canada,33,78516.0,2zjGJ0dChMR0KxBZS15aqo
2019-06-30,Canada,34,77832.0,0qc4QlcCxVTGyShurEv1UU
2019-06-30,Canada,35,77728.0,5dW1VZPcFqB4n0P08rGDgm
2019-06-30,Canada,36,76051.0,7qEHsqek33rTcFNT9PFqLf
2019-06-30,Canada,38,71014.0,1wJRveJZLSb1rjhnUHQiv6
2019-06-30,Canada,39,69474.0,6ocbgoVGwYJhOv1GgI9NsF
2019-06-30,Canada,40,69411.0,7FGq80cy8juXBCD2nrqdWU
2019-06-30,Canada,41,68522.0,5hVghJ4KaYES3BFUATCYn0
2019-06-30,Canada,42,68211.0,2IRZnDFmlqMuOrYOLnZZyc
2019-06-30,Canada,43,67063.0,2VxeLyX666F8uXCJ0dZF8B
2019-06-30,Canada,44,66945.0,02itaCXOdC54J0ISjqqFAp
2019-06-30,Canada,45,66311.0,56JyMaElW79S7TDWh1Zw1m
2019-06-30,Canada,46,65290.0,2dpaYNEQHiRxtZbfNsse99
2019-06-30,Canada,47,64989.0,2JvzF1RMd7lE3KmFlsyZD8
2019-06-30,Canada,48,64569.0,0vrmHPfoBadXVr2n0m1aqZ
2019-06-30,Canada,50,61569.0,2x0RZdkZcD8QRI53XT4GI5
2019-06-30,Canada,51,60039.0,6Qs4SXO9dwPj5GKvVOv8Ki
2019-06-30,Canada,52,58224.0,5w9c2J52mkdntKOmRLeM2m
2019-06-30,Canada,53,58109.0,7njKgVl3AnLflRad38o7AG
2019-06-30,Canada,54,58013.0,2xLMifQCjDGFmkHkpNLD9h
2019-06-30,Canada,55,57438.0,1ZDmxwg7Lywlx68b7SsJjj
2019-06-30,Canada,56,55769.0,4tNXntkAzQ5A2dfYRYGIIQ
2019-06-30,Canada,57,54817.0,5icOoE6VgqFKohjWWNp0Ac
2019-06-30,Canada,58,54571.0,2MuMD298IpYqKF367wegUd
2019-06-30,Canada,60,53691.0,2WyRfGeHo97VC5mP1BBSzr
2019-06-30,Canada,61,53294.0,1f38Gx6xQz6r4H1jGVNBJo
2019-06-30,Canada,62,52461.0,25ZAibhr3bdlMCLmubZDVt
2019-06-30,Canada,64,51884.0,36TO60sxDduIsO3xH8IcUh
2019-06-30,Canada,65,51413.0,5p7ujcrUXASCNwRaWNHR1C
2019-06-30,Canada,66,50848.0,1DFD5Fotzgn6yYXkYsKiGs
2019-06-30,Canada,67,50701.0,5rU6kDNXZLXIinFezpbWbO
2019-06-30,Canada,70,50048.0,25sgk305KZfyuqVBQIahim
2019-06-30,Canada,71,49820.0,2fhePAlCSsJplwkjqMYpVm
2019-06-30,Canada,72,49645.0,6zeeWid2sgw4lap2jV61PZ
2019-06-30,Canada,73,49639.0,1rqqCSm0Qe4I9rUvWncaom
2019-06-30,Canada,74,49308.0,4bHsxqR3GMrXTxEPLuK5ue
2019-06-30,Canada,77,49138.0,78QR3Wp35dqAhFEc2qAGjE
2019-06-30,Canada,79,48784.0,3XiNC94b4Tq1xwv70sQJGN
2019-06-30,Canada,80,48723.0,4SSnFejRGlZikf02HLewEF
2019-06-30,Canada,81,48588.0,3Ol2xnObFdKV9pmRD2t9x8
2019-06-30,Canada,83,48483.0,7dt6x5M1jzdTEt8oCbisTK
2019-06-30,Canada,84,47918.0,7eBqSVxrzQZtK2mmgRG6lC
2019-06-30,Canada,85,46728.0,4u7EnebtmKWzUH433cf5Qv
2019-06-30,Canada,86,46708.0,4e4fqjx0Izh4svvTef1z7e
2019-06-30,Canada,88,46605.0,285pBltuF7vW8TeWk8hdRR
2019-06-30,Canada,89,45833.0,4kV4N9D1iKVxx1KLvtTpjS
2019-06-30,Canada,90,45825.0,7COXchtUOMd6uIT6HvmRaI
2019-06-30,Canada,91,45812.0,7K7MUBCnzgBAvMVW2RTWNs
2019-06-30,Canada,92,45339.0,2iUXsYOEPhVqEBwsqP70rE
2019-06-30,Canada,93,44579.0,0e7ipj03S05BNilyu5bRzt
2019-06-30,Canada,94,44550.0,0u2P5u6lvoDfwTYjAADbn4
2019-06-30,Canada,96,43138.0,0FZ4Dmg8jJJAPJnvBIzD9z
2019-06-30,Canada,97,43021.0,0TlLq3lA83rQOYtrqBqSct
2019-06-30,Canada,98,42854.0,3e9HZxeyfWwjeyPAMmWSSQ
2019-06-30,Canada,100,42608.0,1jlnBQGP2DtSEhMgQaz7a7
2019-06-30,Canada,103,41326.0,7fa9MBXhVfQ8P8Df9OEbD8
2019-06-30,Canada,104,41167.0,7e89621JPkKaeDSTQ3avtg
2019-06-30,Canada,105,41167.0,6DCZcSspjsKoFjzjrWoCdn
2019-06-30,Canada,106,40233.0,5WHTFyqSii0lmT9R21abT8
2019-06-30,Canada,107,40185.0,3gdewACMIVMEWVbyb8O9sY
2019-06-30,Canada,109,40098.0,79JBjIq90BrQ8Ws0pUhlzD
2019-06-30,Canada,110,39974.0,58q2HKrzhC3ozto2nDdN4z
2019-06-30,Canada,112,39563.0,3M9Apu4OZfylLTFKvgEtKa
2019-06-30,Canada,113,39386.0,7qiZfU4dY1lWllzX7mPBI3
2019-06-30,Canada,114,38721.0,59ywHNwwchG4nZJMLyxSzd
2019-06-30,Canada,115,38674.0,2tOOcDDYkh0PSjr6GwPEAJ
2019-06-30,Canada,118,37990.0,4dAMdQ6g4kGmnc1MDHsg77
2019-06-30,Canada,120,37668.0,3ee8Jmje8o58CHK66QrVC2
2019-06-30,Canada,121,37640.0,6kls8cSlUyHW2BUOkDJIZE
2019-06-30,Canada,123,37444.0,2P91MQbaiQOfbiz9VqhqKQ
2019-06-30,Canada,125,37291.0,2G7V7zsVDxg1yRsu7Ew9RJ
2019-06-30,Canada,126,37134.0,7rvyVWja33WG9R97oeJAjx
2019-06-30,Canada,127,37059.0,6Hj9jySrnFppAI0sEMCZpJ
2019-06-30,Canada,128,36983.0,116H0KvKr2Zl4RPuVBruDO
2019-06-30,Canada,129,36949.0,5JEx7HbmvHQQswJCsoo9rA
2019-06-30,Canada,132,36057.0,1xzBco0xcoJEDXktl7Jxrr
2019-06-30,Canada,133,35970.0,4w8niZpiMy6qz1mntFA5uM
2019-06-30,Canada,135,35865.0,09IStsImFySgyp0pIQdqAc
2019-06-30,Canada,137,35601.0,3yrSvpt2l1xhsV9Em88Pul
2019-06-30,Canada,138,35471.0,1ThmUihH9dF8EV08ku5AXN
2019-06-30,Canada,139,35391.0,2374M0fQpWi3dLnB54qaLX
2019-06-30,Canada,142,34710.0,1zB4vmk8tFRmM9UULNzbLB
2019-06-30,Canada,143,34507.0,5vdp5UmvTsnMEMESIF2Ym7
2019-06-30,Canada,144,34322.0,2TVxnKdb3tqe1nhQWwwZCO
2019-06-30,Canada,145,34313.0,53hNIcq8OLj9OUNvQ4ulFM
2019-06-30,Canada,147,34066.0,40riOy7x9W7GXjyGp4pjAv
2019-06-30,Canada,148,34057.0,5KawlOMHjWeUjQtnuRs22c
2019-06-30,Canada,149,33975.0,45PxuJqJBnPXZKLxoo9Apj
2019-06-30,Canada,150,33902.0,0tgVpDi06FyKpA1z0VMD4v
2019-06-30,Canada,151,33842.0,6JQvHMSaR8flFsN53ypOfP
2019-06-30,Canada,153,33419.0,3uouaAVXpQR3X8RYkJyitQ
2019-06-30,Canada,158,33245.0,14mHfNsSHN0FbLftyjrV9g
2019-06-30,Canada,159,33067.0,5T8EDUDqKcs6OSOwEsfqG7
2019-06-30,Canada,160,32625.0,6vWEAOUSxohKxhp0K1BsxL
2019-06-30,Canada,161,32613.0,3swc6WTsr7rl9DqQKQA55C
2019-06-30,Canada,162,32479.0,2t8yVaLvJ0RenpXUIAC52d
2019-06-30,Canada,163,32408.0,6jfEZdUJ2Yla6h7gTJgKuo
2019-06-30,Canada,164,32392.0,4au7FRcgZzChASRYu279xH
2019-06-30,Canada,166,32121.0,0pqnGHJpmpxLKifKRmU6WP
2019-06-30,Canada,167,32104.0,0JP9xo3adEtGSdUEISiszL
2019-06-30,Canada,168,31968.0,7sO5G9EABYOXQKNPNiE9NR
2019-06-30,Canada,169,31907.0,1rfofaqEpACxVEHIZBJe6W
2019-06-30,Canada,170,31599.0,7oK9VyNzrYvRFo7nQEYkWN
2019-06-30,Canada,171,31494.0,79esEXlqqmq0GPz0xQSZTV
2019-06-30,Canada,174,30780.0,7mv4eldXEFbf3s3ZEfbmlC
2019-06-30,Canada,175,30712.0,4WstRtdgYjwPvpCekgYAhs
2019-06-30,Canada,176,30712.0,2fuCquhmrzHpu5xcA1ci9x
2019-06-30,Canada,177,30683.0,4XiGKQqbmnMVxDzUj6j3f2
2019-06-30,Canada,178,30626.0,3B54sVLJ402zGa6Xm4YGNe
2019-06-30,Canada,179,30562.0,1Hd2XLitkt1PYCWSbfF5qV
2019-06-30,Canada,180,30391.0,4qKcDkK6siZ7Jp1Jb4m0aL
2019-06-30,Canada,183,30282.0,2BgEsaKNfHUdlh97KmvFyo
2019-06-30,Canada,184,29839.0,7KXjTSCq5nL1LoYtL7XAwS
2019-06-30,Canada,185,29821.0,5Z3GHaZ6ec9bsiI5BenrbY
2019-06-30,Canada,186,29341.0,3XF5xLJHOQQRbWya6hBp7d
2019-06-30,Canada,187,29305.0,7GX5flRQZVHRAGd6B4TmDO
2019-06-30,Canada,188,29207.0,6rPO02ozF3bM7NnOV4h6s2
2019-06-30,Canada,189,29116.0,4dGJf1SER1T6ooX46vwzRB
2019-06-30,Canada,190,28837.0,6vN77lE9LK6HP2DewaN6HZ
2019-06-30,Canada,193,28656.0,5uCax9HTNlzGybIStD3vDh
2019-06-30,Canada,194,28625.0,5tVA6TkbaAH9QMITTQRrNv
2019-06-30,Canada,195,28344.0,7o2CTH4ctstm8TNelqjb51
2019-06-30,Canada,196,28110.0,4BP3uh0hFLFRb5cjsgLqDh
2019-06-30,Canada,197,28076.0,7BKLCZ1jbUBVqRi2FVlTVw
2019-06-30,Canada,198,28000.0,2qxmye6gAegTMjLKEBoR3d
2019-06-30,Canada,199,27966.0,07GvNcU1WdyZJq3XxP0kZa
2019-06-30,Canada,200,27811.0,5qqabIl2vWzo9ApSC317sa
2019-12-20,Canada,1,238301.0,1rgnBhdG2JDFTbYkYRZAku
2019-12-20,Canada,2,227935.0,0bYg9bo50gSsH3LtXe2SQn
2019-12-20,Canada,3,214327.0,696DnlkuDOXcMAnKlTgXXK
2019-12-20,Canada,4,180484.0,0nbXyq5TXYPCO7pr3N8S4I
2019-12-20,Canada,6,168784.0,2Ec33AVlkTTq8BHFgBTdQs
2019-12-20,Canada,7,164604.0,21jGcNKet2qwijlDFuPiPb
2019-12-20,Canada,8,154629.0,4TnjEaWOeW0eKTKIEvJyCa
2019-12-20,Canada,10,150085.0,0sf12qNH5qcw8qpgymFOqD
2019-12-20,Canada,13,138062.0,7xapw9Oy21WpfEcib2ErSA
2019-12-20,Canada,16,134687.0,3jjujdWJ72nww5eGnfs2E7
2019-12-20,Canada,18,131861.0,57vxBYXtHMk6H1aD29V7PU
2019-12-20,Canada,19,129967.0,7qEHsqek33rTcFNT9PFqLf
2019-12-20,Canada,20,127052.0,6Gg1gjgKi2AK4e0qzsR7sd
2019-12-20,Canada,21,125631.0,3yOlyBJuViE2YSGn3nVE1K
2019-12-20,Canada,22,124760.0,2b8fOow8UzyDFAE27YhOZM
2019-12-20,Canada,23,122462.0,3eekarcy7kvN4yt5ZFzltW
2019-12-20,Canada,24,117281.0,6WrI0LAC5M1Rw2MnX2ZvEg
2019-12-20,Canada,25,117267.0,3ZCTVFBt2Brf31RLEnCkWJ
2019-12-20,Canada,26,114633.0,6UelLqGlWMcVH1E5c4H7lY
2019-12-20,Canada,30,109815.0,6Ozh9Ok6h4Oi1wUSLtBseN
2019-12-20,Canada,34,101458.0,285pBltuF7vW8TeWk8hdRR
2019-12-20,Canada,35,100384.0,7aiClxsDWFRQ0Kzk5KI5ku
2019-12-20,Canada,38,98280.0,6v3KW9xbzN5yKLt9YKDYA2
2019-12-20,Canada,39,91812.0,1HfMVBKM75vxSfsQ5VefZ5
2019-12-20,Canada,40,90049.0,2Fxmhks0bxGSBdJ92vM42m
2019-12-20,Canada,41,89646.0,0RiRZpuVRbi7oqRdSMwhQY
2019-12-20,Canada,45,83559.0,3VyjsVV24RmBIbWJAeUJNu
2019-12-20,Canada,48,81085.0,2pnPe4pJtq7689i5ydzvJJ
2019-12-20,Canada,49,78733.0,3QzAOrNlsabgbMwlZt7TAY
2019-12-20,Canada,50,78603.0,2wrJq5XKLnmhRXHIAf9xBa
2019-12-20,Canada,51,78569.0,1lOe9qE0vR9zwWQAOk6CoO
2019-12-20,Canada,52,78436.0,6Hj9jySrnFppAI0sEMCZpJ
2019-12-20,Canada,53,77468.0,5ry2OE6R2zPQFDO85XkgRb
2019-12-20,Canada,54,76964.0,598yNsG1JFrGd4n2kMoz7F
2019-12-20,Canada,57,75364.0,2gMXnyrvIjhVBUZwvLZDMP
2019-12-20,Canada,61,74414.0,6cy3ki60hLwimwIje7tALf
2019-12-20,Canada,62,73129.0,70eFcWOvlMObDhURTqT4Fv
2019-12-20,Canada,63,73020.0,2kJwzbxV2ppxnQoYw4GLBZ
2019-12-20,Canada,64,72918.0,7CZyCXKG6d5ALeq41sLzbw
2019-12-20,Canada,67,71448.0,1iSqfoUFnQwV0QW1EfUit8
2019-12-20,Canada,70,69300.0,51Fjme0JiitpyXKuyQiCDo
2019-12-20,Canada,71,68897.0,2tnVG71enUj33Ic2nFN6kZ
2019-12-20,Canada,72,68881.0,1ZMiCix7XSAbfAJlEZWMCp
2019-12-20,Canada,73,68099.0,4hPpVbbakQNv8YTHYaOJP4
2019-12-20,Canada,75,66178.0,6vBdBCoOhKHiYDDOcorfNo
2019-12-20,Canada,82,63509.0,6piAUJJQFD8oHDUr0b7l7q
2019-12-20,Canada,83,63012.0,2YpeDb67231RjR0MgVLzsG
2019-12-20,Canada,84,62619.0,0hVXuCcriWRGvwMV1r5Yn9
2019-12-20,Canada,86,61243.0,5a6pdCHlWS2ekOOQ70QnAr
2019-12-20,Canada,90,60163.0,4vUmTMuQqjdnvlZmAH61Qk
2019-12-20,Canada,93,59710.0,6kls8cSlUyHW2BUOkDJIZE
2019-12-20,Canada,95,59184.0,1iQDltZqI7BXnHrFy4Qo1k
2019-12-20,Canada,96,59127.0,29ZXwWOOLz9t5fa3eT3i7T
2019-12-20,Canada,100,58005.0,2W4yABdLc4Jnds67Poi5Nl
2019-12-20,Canada,102,57558.0,3RZftiuTcLOqpsd8ZlwNhr
2019-12-20,Canada,104,56436.0,07Oz5StQ7GRoygNLaXs2pd
2019-12-20,Canada,106,55902.0,2gwkD6igEhQbDQegRCcdoB
2019-12-20,Canada,107,55682.0,5bvnqVuq7UFl0txSlHpsfS
2019-12-20,Canada,110,54615.0,7A20WnLkjtZU2d7hIB6Ziu
2019-12-20,Canada,112,54395.0,0fySG6A6qLE8IvDpayb5bM
2019-12-20,Canada,114,53867.0,5DqdesEfbRyOlSS3Tf6c29
2019-12-20,Canada,116,53645.0,6b2RcmUt1g9N9mQ3CbjX2Y
2019-12-20,Canada,117,53294.0,4sWuPniHClkInYAnzXAYUF
2019-12-20,Canada,118,53292.0,2JvzF1RMd7lE3KmFlsyZD8
2019-12-20,Canada,120,53010.0,3s4mrPrEFFPF0LmAfutW0n
2019-12-20,Canada,121,52956.0,2IRZnDFmlqMuOrYOLnZZyc
2019-12-20,Canada,122,52850.0,2xLMifQCjDGFmkHkpNLD9h
2019-12-20,Canada,125,52454.0,6uFn47ACjqYkc0jADwEdj1
2019-12-20,Canada,127,51749.0,1wJRveJZLSb1rjhnUHQiv6
2019-12-20,Canada,129,50855.0,2VxeLyX666F8uXCJ0dZF8B
2019-12-20,Canada,130,50836.0,6XHVuErjQ4XNm6nDPVCxVX
2019-12-20,Canada,131,50803.0,3Kd6Wp3lG5HXMB2dlvuy7y
2019-12-20,Canada,132,50749.0,6ocbgoVGwYJhOv1GgI9NsF
2019-12-20,Canada,134,50326.0,1mpD5Q8IM32I4bF6eCpU74
2019-12-20,Canada,136,49311.0,4VXIryQMWpIdGgYR4TrjT1
2019-12-20,Canada,138,48345.0,3wwo0bJvDSorOpNfzEkfXx
2019-12-20,Canada,142,47137.0,6LcauUZjF1eXQrgqMUecHX
2019-12-20,Canada,143,47110.0,1000nHvUdawXuUHgBod4Wv
2019-12-20,Canada,144,47104.0,3TKpJrY9q49Mj1JOsM9zGL
2019-12-20,Canada,145,47079.0,735RSTb2xbtWbDtKD9XDYi
2019-12-20,Canada,146,46887.0,2dpaYNEQHiRxtZbfNsse99
2019-12-20,Canada,147,46368.0,7FGq80cy8juXBCD2nrqdWU
2019-12-20,Canada,150,46133.0,4QPEwDdOMhY7rNS05mTyMR
2019-12-20,Canada,152,45609.0,4bl1HBZliBuYpFZjWgefE4
2019-12-20,Canada,153,45540.0,22vgEDb5hykfaTwLuskFGD
2019-12-20,Canada,155,45096.0,0e7ipj03S05BNilyu5bRzt
2019-12-20,Canada,156,44959.0,4YrS33mjBWWchoLJTkAKwt
2019-12-20,Canada,158,44330.0,7eBqSVxrzQZtK2mmgRG6lC
2019-12-20,Canada,159,43975.0,6oJ6le65B3SEqPwMRNXWjY
2019-12-20,Canada,160,43951.0,0RLLvYBopDwooCyvnTwgYu
2019-12-20,Canada,162,43818.0,6V9fHiv84WlVTg7CSnIVY2
2019-12-20,Canada,163,43567.0,5p7ujcrUXASCNwRaWNHR1C
2019-12-20,Canada,165,43327.0,78QR3Wp35dqAhFEc2qAGjE
2019-12-20,Canada,167,43100.0,6RRNNciQGZEXnqk8SQ9yv5
2019-12-20,Canada,168,42918.0,073ILU1C3APNRGF66VhtyA
2019-12-20,Canada,169,42795.0,7dt6x5M1jzdTEt8oCbisTK
2019-12-20,Canada,170,42569.0,0u2P5u6lvoDfwTYjAADbn4
2019-12-20,Canada,171,41918.0,4B7fTyj1FIPvP9tT5X3DnR
2019-12-20,Canada,173,41609.0,4yI3HpbSFSgFZtJP2kDe5m
2019-12-20,Canada,182,40682.0,24Yi9hE78yPEbZ4kxyoXAI
2019-12-20,Canada,186,40332.0,2iUXsYOEPhVqEBwsqP70rE
2019-12-20,Canada,188,40282.0,3i9UVldZOE0aD0JnyfAZZ0
2019-12-20,Canada,190,40064.0,3Yh9lZcWyKrK9GjbhuS0hR
2019-12-20,Canada,191,40035.0,3GRSqlALWISqLeNncZMbpX
2019-12-20,Canada,192,39970.0,0rFQ5cKYJ9WtHSKp9sxVYt
2019-12-20,Canada,193,39962.0,3cphb8kdsjElYR7r5icK3H
2019-12-20,Canada,194,39926.0,3ee8Jmje8o58CHK66QrVC2
2019-12-20,Canada,195,39561.0,0DiDStADDVh3SvAsoJAFMk
2019-12-20,Canada,198,39384.0,7CHi4DtfK4heMlQaudCuHK
